Age_groups,Time,Cases,Deaths
00-05,2021-01-01,0.0,0.0
00-05,2021-01-02,7.0,0.0
00-05,2021-01-03,7.0,0.0
00-05,2021-01-04,3.0,0.0
00-05,2021-01-05,14.0,0.0
00-05,2021-01-06,11.0,0.0
00-05,2021-01-07,6.0,0.0
00-05,2021-01-08,5.0,0.0
00-05,2021-01-09,7.0,0.0
00-05,2021-01-10,8.0,0.0
00-05,2021-01-11,0.0,0.0
00-05,2021-01-12,1.0,0.0
00-05,2021-01-13,0.0,0.0
00-05,2021-01-14,0.0,0.0
00-05,2021-01-15,0.0,0.0
00-05,2021-01-16,0.0,0.0
00-05,2021-01-17,0.0,0.0
00-05,2021-01-18,0.0,0.0
00-05,2021-01-19,0.0,0.0
00-05,2021-01-20,0.0,0.0
00-05,2021-01-21,0.0,0.0
00-05,2021-01-22,0.0,0.0
00-05,2021-01-23,0.0,0.0
00-05,2021-01-24,0.0,0.0
00-05,2021-01-25,0.0,0.0
00-05,2021-01-26,0.0,0.0
00-05,2021-01-27,0.0,0.0
00-05,2021-01-28,0.0,0.0
00-05,2021-01-29,0.0,0.0
00-05,2021-01-30,0.0,0.0
00-05,2021-01-31,0.0,0.0
00-05,2021-02-01,0.0,0.0
00-05,2021-02-02,0.0,0.0
00-05,2021-02-03,0.0,0.0
00-05,2021-02-04,0.0,0.0
00-05,2021-02-05,0.0,0.0
00-05,2021-02-06,0.0,0.0
00-05,2021-02-07,0.0,0.0
00-05,2021-02-08,0.0,0.0
00-05,2021-02-09,0.0,0.0
00-05,2021-02-10,0.0,0.0
00-05,2021-02-11,0.0,0.0
00-05,2021-02-12,0.0,0.0
00-05,2021-02-13,0.0,0.0
00-05,2021-02-14,0.0,0.0
00-05,2021-02-15,0.0,0.0
00-05,2021-02-16,0.0,0.0
00-05,2021-02-17,0.0,0.0
00-05,2021-02-18,0.0,0.0
00-05,2021-02-19,0.0,0.0
00-05,2021-02-20,0.0,0.0
00-05,2021-02-21,0.0,0.0
00-05,2021-02-22,0.0,0.0
00-05,2021-02-23,0.0,0.0
00-05,2021-02-24,0.0,0.0
00-05,2021-02-25,0.0,0.0
00-05,2021-02-26,0.0,0.0
00-05,2021-02-27,0.0,0.0
00-05,2021-02-28,0.0,0.0
00-05,2021-03-01,0.0,0.0
00-05,2021-03-02,0.0,0.0
00-05,2021-03-03,0.0,0.0
00-05,2021-03-04,1.0,0.0
00-05,2021-03-05,0.0,0.0
00-05,2021-03-06,0.0,0.0
00-05,2021-03-07,0.0,0.0
00-05,2021-03-08,0.0,0.0
00-05,2021-03-09,0.0,0.0
00-05,2021-03-10,0.0,0.0
00-05,2021-03-11,1.0,0.0
00-05,2021-03-12,0.0,0.0
00-05,2021-03-13,0.0,0.0
00-05,2021-03-14,0.0,0.0
00-05,2021-03-15,0.0,0.0
00-05,2021-03-16,0.0,0.0
00-05,2021-03-17,0.0,0.0
00-05,2021-03-18,0.0,0.0
00-05,2021-03-19,0.0,0.0
00-05,2021-03-20,0.0,0.0
00-05,2021-03-21,0.0,0.0
00-05,2021-03-22,0.0,0.0
00-05,2021-03-23,0.0,0.0
00-05,2021-03-24,0.0,0.0
00-05,2021-03-25,0.0,0.0
00-05,2021-03-26,0.0,0.0
00-05,2021-03-27,0.0,0.0
00-05,2021-03-28,0.0,0.0
00-05,2021-03-29,0.0,0.0
00-05,2021-03-30,1.0,0.0
00-05,2021-03-31,4.0,0.0
00-05,2021-04-01,1.0,0.0
00-05,2021-04-02,5.0,0.0
00-05,2021-04-03,7.0,0.0
00-05,2021-04-04,17.0,0.0
00-05,2021-04-05,22.0,0.0
00-05,2021-04-06,18.0,0.0
00-05,2021-04-07,15.0,0.0
00-05,2021-04-08,10.0,0.0
00-05,2021-04-09,18.0,0.0
00-05,2021-04-10,17.0,0.0
00-05,2021-04-11,36.0,0.0
00-05,2021-04-12,44.0,0.0
00-05,2021-04-13,37.0,0.0
00-05,2021-04-14,44.0,0.0
00-05,2021-04-15,24.0,0.0
00-05,2021-04-16,59.0,0.0
00-05,2021-04-17,35.0,0.0
00-05,2021-04-18,34.0,0.0
00-05,2021-04-19,84.0,0.0
00-05,2021-04-20,48.0,0.0
00-05,2021-04-21,55.0,0.0
00-05,2021-04-22,44.0,0.0
00-05,2021-04-23,36.0,1.0
00-05,2021-04-24,37.0,0.0
00-05,2021-04-25,40.0,0.0
00-05,2021-04-26,59.0,0.0
00-05,2021-04-27,35.0,0.0
00-05,2021-04-28,23.0,0.0
00-05,2021-04-29,25.0,0.0
00-05,2021-04-30,12.0,0.0
00-05,2021-05-01,3.0,0.0
00-05,2021-05-02,0.0,0.0
00-05,2021-05-03,2.0,0.0
00-05,2021-05-04,0.0,0.0
00-05,2021-05-05,1.0,0.0
00-05,2021-05-06,1.0,0.0
00-05,2021-05-07,1.0,0.0
00-05,2021-05-08,1.0,0.0
00-05,2021-05-09,0.0,0.0
00-05,2021-05-10,3.0,0.0
00-05,2021-05-11,4.0,0.0
00-05,2021-05-12,1.0,0.0
00-05,2021-05-13,5.0,0.0
00-05,2021-05-14,3.0,0.0
00-05,2021-05-15,7.0,0.0
00-05,2021-05-16,14.0,0.0
00-05,2021-05-17,23.0,0.0
00-05,2021-05-18,44.0,0.0
00-05,2021-05-19,25.0,0.0
00-05,2021-05-20,0.0,0.0
05-10,2021-01-01,0.0,0.0
05-10,2021-01-02,13.0,0.0
05-10,2021-01-03,5.0,0.0
05-10,2021-01-04,8.0,0.0
05-10,2021-01-05,14.0,0.0
05-10,2021-01-06,15.0,0.0
05-10,2021-01-07,8.0,0.0
05-10,2021-01-08,6.0,0.0
05-10,2021-01-09,13.0,0.0
05-10,2021-01-10,11.0,0.0
05-10,2021-01-11,1.0,0.0
05-10,2021-01-12,2.0,0.0
05-10,2021-01-13,0.0,0.0
05-10,2021-01-14,0.0,0.0
05-10,2021-01-15,0.0,0.0
05-10,2021-01-16,0.0,0.0
05-10,2021-01-17,1.0,0.0
05-10,2021-01-18,0.0,0.0
05-10,2021-01-19,0.0,0.0
05-10,2021-01-20,0.0,0.0
05-10,2021-01-21,1.0,0.0
05-10,2021-01-22,0.0,0.0
05-10,2021-01-23,0.0,0.0
05-10,2021-01-24,0.0,0.0
05-10,2021-01-25,0.0,0.0
05-10,2021-01-26,0.0,0.0
05-10,2021-01-27,0.0,0.0
05-10,2021-01-28,0.0,0.0
05-10,2021-01-29,0.0,0.0
05-10,2021-01-30,0.0,0.0
05-10,2021-01-31,0.0,0.0
05-10,2021-02-01,0.0,0.0
05-10,2021-02-02,0.0,0.0
05-10,2021-02-03,0.0,0.0
05-10,2021-02-04,0.0,0.0
05-10,2021-02-05,0.0,0.0
05-10,2021-02-06,0.0,0.0
05-10,2021-02-07,0.0,0.0
05-10,2021-02-08,0.0,0.0
05-10,2021-02-09,0.0,0.0
05-10,2021-02-10,0.0,0.0
05-10,2021-02-11,0.0,0.0
05-10,2021-02-12,0.0,0.0
05-10,2021-02-13,0.0,0.0
05-10,2021-02-14,0.0,0.0
05-10,2021-02-15,0.0,0.0
05-10,2021-02-16,0.0,0.0
05-10,2021-02-17,0.0,0.0
05-10,2021-02-18,0.0,0.0
05-10,2021-02-19,0.0,0.0
05-10,2021-02-20,0.0,0.0
05-10,2021-02-21,0.0,0.0
05-10,2021-02-22,0.0,0.0
05-10,2021-02-23,0.0,0.0
05-10,2021-02-24,0.0,0.0
05-10,2021-02-25,0.0,0.0
05-10,2021-02-26,0.0,0.0
05-10,2021-02-27,0.0,0.0
05-10,2021-02-28,0.0,0.0
05-10,2021-03-01,0.0,0.0
05-10,2021-03-02,0.0,0.0
05-10,2021-03-03,0.0,0.0
05-10,2021-03-04,0.0,0.0
05-10,2021-03-05,0.0,0.0
05-10,2021-03-06,0.0,0.0
05-10,2021-03-07,0.0,0.0
05-10,2021-03-08,0.0,0.0
05-10,2021-03-09,0.0,0.0
05-10,2021-03-10,0.0,0.0
05-10,2021-03-11,0.0,0.0
05-10,2021-03-12,0.0,0.0
05-10,2021-03-13,0.0,0.0
05-10,2021-03-14,0.0,0.0
05-10,2021-03-15,0.0,0.0
05-10,2021-03-16,0.0,0.0
05-10,2021-03-17,0.0,0.0
05-10,2021-03-18,0.0,0.0
05-10,2021-03-19,0.0,0.0
05-10,2021-03-20,0.0,0.0
05-10,2021-03-21,0.0,0.0
05-10,2021-03-22,0.0,0.0
05-10,2021-03-23,0.0,0.0
05-10,2021-03-24,0.0,0.0
05-10,2021-03-25,0.0,0.0
05-10,2021-03-26,0.0,0.0
05-10,2021-03-27,0.0,0.0
05-10,2021-03-28,0.0,0.0
05-10,2021-03-29,1.0,0.0
05-10,2021-03-30,1.0,0.0
05-10,2021-03-31,1.0,0.0
05-10,2021-04-01,4.0,0.0
05-10,2021-04-02,2.0,0.0
05-10,2021-04-03,12.0,0.0
05-10,2021-04-04,24.0,0.0
05-10,2021-04-05,12.0,0.0
05-10,2021-04-06,21.0,0.0
05-10,2021-04-07,12.0,0.0
05-10,2021-04-08,8.0,0.0
05-10,2021-04-09,26.0,0.0
05-10,2021-04-10,47.0,0.0
05-10,2021-04-11,71.0,0.0
05-10,2021-04-12,66.0,0.0
05-10,2021-04-13,58.0,0.0
05-10,2021-04-14,76.0,0.0
05-10,2021-04-15,51.0,0.0
05-10,2021-04-16,81.0,0.0
05-10,2021-04-17,70.0,0.0
05-10,2021-04-18,68.0,0.0
05-10,2021-04-19,97.0,0.0
05-10,2021-04-20,78.0,0.0
05-10,2021-04-21,67.0,0.0
05-10,2021-04-22,54.0,0.0
05-10,2021-04-23,37.0,0.0
05-10,2021-04-24,61.0,0.0
05-10,2021-04-25,53.0,0.0
05-10,2021-04-26,97.0,0.0
05-10,2021-04-27,63.0,0.0
05-10,2021-04-28,29.0,0.0
05-10,2021-04-29,34.0,0.0
05-10,2021-04-30,19.0,0.0
05-10,2021-05-01,6.0,0.0
05-10,2021-05-02,0.0,0.0
05-10,2021-05-03,1.0,0.0
05-10,2021-05-04,0.0,0.0
05-10,2021-05-05,0.0,0.0
05-10,2021-05-06,2.0,0.0
05-10,2021-05-07,3.0,0.0
05-10,2021-05-08,3.0,0.0
05-10,2021-05-09,0.0,0.0
05-10,2021-05-10,3.0,0.0
05-10,2021-05-11,1.0,0.0
05-10,2021-05-12,1.0,0.0
05-10,2021-05-13,3.0,0.0
05-10,2021-05-14,7.0,0.0
05-10,2021-05-15,13.0,0.0
05-10,2021-05-16,22.0,0.0
05-10,2021-05-17,47.0,0.0
05-10,2021-05-18,55.0,0.0
05-10,2021-05-19,50.0,0.0
05-10,2021-05-20,0.0,0.0
10-15,2021-01-01,0.0,0.0
10-15,2021-01-02,28.0,0.0
10-15,2021-01-03,7.0,0.0
10-15,2021-01-04,15.0,0.0
10-15,2021-01-05,27.0,0.0
10-15,2021-01-06,16.0,0.0
10-15,2021-01-07,17.0,0.0
10-15,2021-01-08,9.0,0.0
10-15,2021-01-09,19.0,0.0
10-15,2021-01-10,19.0,0.0
10-15,2021-01-11,2.0,0.0
10-15,2021-01-12,1.0,0.0
10-15,2021-01-13,1.0,0.0
10-15,2021-01-14,0.0,0.0
10-15,2021-01-15,0.0,0.0
10-15,2021-01-16,0.0,0.0
10-15,2021-01-17,2.0,0.0
10-15,2021-01-18,0.0,0.0
10-15,2021-01-19,0.0,0.0
10-15,2021-01-20,0.0,0.0
10-15,2021-01-21,1.0,0.0
10-15,2021-01-22,0.0,0.0
10-15,2021-01-23,0.0,0.0
10-15,2021-01-24,0.0,0.0
10-15,2021-01-25,3.0,0.0
10-15,2021-01-26,0.0,0.0
10-15,2021-01-27,0.0,0.0
10-15,2021-01-28,0.0,0.0
10-15,2021-01-29,0.0,0.0
10-15,2021-01-30,0.0,0.0
10-15,2021-01-31,0.0,0.0
10-15,2021-02-01,0.0,0.0
10-15,2021-02-02,0.0,0.0
10-15,2021-02-03,0.0,0.0
10-15,2021-02-04,0.0,0.0
10-15,2021-02-05,0.0,0.0
10-15,2021-02-06,0.0,0.0
10-15,2021-02-07,0.0,0.0
10-15,2021-02-08,0.0,0.0
10-15,2021-02-09,0.0,0.0
10-15,2021-02-10,0.0,0.0
10-15,2021-02-11,0.0,0.0
10-15,2021-02-12,0.0,0.0
10-15,2021-02-13,0.0,0.0
10-15,2021-02-14,0.0,0.0
10-15,2021-02-15,0.0,0.0
10-15,2021-02-16,0.0,0.0
10-15,2021-02-17,0.0,0.0
10-15,2021-02-18,0.0,0.0
10-15,2021-02-19,0.0,0.0
10-15,2021-02-20,0.0,0.0
10-15,2021-02-21,0.0,0.0
10-15,2021-02-22,0.0,0.0
10-15,2021-02-23,0.0,0.0
10-15,2021-02-24,0.0,0.0
10-15,2021-02-25,0.0,0.0
10-15,2021-02-26,0.0,0.0
10-15,2021-02-27,0.0,0.0
10-15,2021-02-28,0.0,0.0
10-15,2021-03-01,0.0,0.0
10-15,2021-03-02,0.0,0.0
10-15,2021-03-03,0.0,0.0
10-15,2021-03-04,0.0,0.0
10-15,2021-03-05,0.0,0.0
10-15,2021-03-06,0.0,0.0
10-15,2021-03-07,0.0,0.0
10-15,2021-03-08,0.0,0.0
10-15,2021-03-09,0.0,0.0
10-15,2021-03-10,2.0,0.0
10-15,2021-03-11,1.0,0.0
10-15,2021-03-12,0.0,0.0
10-15,2021-03-13,0.0,0.0
10-15,2021-03-14,0.0,0.0
10-15,2021-03-15,0.0,0.0
10-15,2021-03-16,0.0,0.0
10-15,2021-03-17,0.0,0.0
10-15,2021-03-18,0.0,0.0
10-15,2021-03-19,1.0,0.0
10-15,2021-03-20,0.0,0.0
10-15,2021-03-21,1.0,0.0
10-15,2021-03-22,0.0,0.0
10-15,2021-03-23,2.0,0.0
10-15,2021-03-24,0.0,0.0
10-15,2021-03-25,1.0,0.0
10-15,2021-03-26,1.0,0.0
10-15,2021-03-27,0.0,0.0
10-15,2021-03-28,1.0,0.0
10-15,2021-03-29,0.0,0.0
10-15,2021-03-30,0.0,0.0
10-15,2021-03-31,1.0,0.0
10-15,2021-04-01,4.0,0.0
10-15,2021-04-02,8.0,0.0
10-15,2021-04-03,10.0,0.0
10-15,2021-04-04,24.0,0.0
10-15,2021-04-05,29.0,0.0
10-15,2021-04-06,47.0,0.0
10-15,2021-04-07,16.0,0.0
10-15,2021-04-08,11.0,0.0
10-15,2021-04-09,36.0,0.0
10-15,2021-04-10,94.0,0.0
10-15,2021-04-11,101.0,0.0
10-15,2021-04-12,104.0,0.0
10-15,2021-04-13,111.0,0.0
10-15,2021-04-14,93.0,0.0
10-15,2021-04-15,105.0,0.0
10-15,2021-04-16,126.0,0.0
10-15,2021-04-17,107.0,0.0
10-15,2021-04-18,73.0,0.0
10-15,2021-04-19,121.0,0.0
10-15,2021-04-20,120.0,0.0
10-15,2021-04-21,82.0,0.0
10-15,2021-04-22,110.0,0.0
10-15,2021-04-23,72.0,0.0
10-15,2021-04-24,81.0,0.0
10-15,2021-04-25,90.0,0.0
10-15,2021-04-26,111.0,0.0
10-15,2021-04-27,84.0,0.0
10-15,2021-04-28,51.0,0.0
10-15,2021-04-29,44.0,0.0
10-15,2021-04-30,24.0,0.0
10-15,2021-05-01,7.0,0.0
10-15,2021-05-02,0.0,0.0
10-15,2021-05-03,3.0,0.0
10-15,2021-05-04,2.0,0.0
10-15,2021-05-05,4.0,0.0
10-15,2021-05-06,1.0,0.0
10-15,2021-05-07,3.0,0.0
10-15,2021-05-08,4.0,0.0
10-15,2021-05-09,3.0,0.0
10-15,2021-05-10,4.0,0.0
10-15,2021-05-11,4.0,0.0
10-15,2021-05-12,7.0,0.0
10-15,2021-05-13,8.0,0.0
10-15,2021-05-14,16.0,0.0
10-15,2021-05-15,17.0,0.0
10-15,2021-05-16,29.0,0.0
10-15,2021-05-17,54.0,0.0
10-15,2021-05-18,75.0,0.0
10-15,2021-05-19,60.0,0.0
10-15,2021-05-20,0.0,0.0
15-20,2021-01-01,0.0,0.0
15-20,2021-01-02,31.0,0.0
15-20,2021-01-03,6.0,0.0
15-20,2021-01-04,16.0,0.0
15-20,2021-01-05,41.0,0.0
15-20,2021-01-06,33.0,0.0
15-20,2021-01-07,32.0,0.0
15-20,2021-01-08,16.0,0.0
15-20,2021-01-09,20.0,0.0
15-20,2021-01-10,23.0,0.0
15-20,2021-01-11,11.0,0.0
15-20,2021-01-12,7.0,0.0
15-20,2021-01-13,1.0,0.0
15-20,2021-01-14,0.0,0.0
15-20,2021-01-15,0.0,0.0
15-20,2021-01-16,2.0,0.0
15-20,2021-01-17,0.0,0.0
15-20,2021-01-18,1.0,0.0
15-20,2021-01-19,1.0,0.0
15-20,2021-01-20,0.0,0.0
15-20,2021-01-21,1.0,0.0
15-20,2021-01-22,0.0,0.0
15-20,2021-01-23,0.0,0.0
15-20,2021-01-24,0.0,0.0
15-20,2021-01-25,0.0,0.0
15-20,2021-01-26,0.0,0.0
15-20,2021-01-27,0.0,0.0
15-20,2021-01-28,0.0,0.0
15-20,2021-01-29,0.0,0.0
15-20,2021-01-30,0.0,0.0
15-20,2021-01-31,0.0,0.0
15-20,2021-02-01,0.0,0.0
15-20,2021-02-02,0.0,0.0
15-20,2021-02-03,0.0,0.0
15-20,2021-02-04,0.0,0.0
15-20,2021-02-05,0.0,0.0
15-20,2021-02-06,0.0,0.0
15-20,2021-02-07,0.0,0.0
15-20,2021-02-08,0.0,1.0
15-20,2021-02-09,0.0,0.0
15-20,2021-02-10,0.0,0.0
15-20,2021-02-11,0.0,0.0
15-20,2021-02-12,0.0,0.0
15-20,2021-02-13,0.0,0.0
15-20,2021-02-14,0.0,0.0
15-20,2021-02-15,1.0,0.0
15-20,2021-02-16,1.0,0.0
15-20,2021-02-17,0.0,0.0
15-20,2021-02-18,2.0,0.0
15-20,2021-02-19,0.0,0.0
15-20,2021-02-20,0.0,0.0
15-20,2021-02-21,0.0,0.0
15-20,2021-02-22,1.0,0.0
15-20,2021-02-23,0.0,0.0
15-20,2021-02-24,0.0,0.0
15-20,2021-02-25,1.0,0.0
15-20,2021-02-26,0.0,0.0
15-20,2021-02-27,0.0,0.0
15-20,2021-02-28,0.0,0.0
15-20,2021-03-01,0.0,0.0
15-20,2021-03-02,0.0,0.0
15-20,2021-03-03,0.0,0.0
15-20,2021-03-04,0.0,0.0
15-20,2021-03-05,0.0,0.0
15-20,2021-03-06,0.0,0.0
15-20,2021-03-07,0.0,0.0
15-20,2021-03-08,0.0,0.0
15-20,2021-03-09,0.0,0.0
15-20,2021-03-10,1.0,0.0
15-20,2021-03-11,0.0,1.0
15-20,2021-03-12,0.0,0.0
15-20,2021-03-13,0.0,0.0
15-20,2021-03-14,1.0,0.0
15-20,2021-03-15,1.0,0.0
15-20,2021-03-16,1.0,0.0
15-20,2021-03-17,0.0,0.0
15-20,2021-03-18,2.0,0.0
15-20,2021-03-19,1.0,0.0
15-20,2021-03-20,0.0,0.0
15-20,2021-03-21,1.0,1.0
15-20,2021-03-22,0.0,0.0
15-20,2021-03-23,0.0,0.0
15-20,2021-03-24,2.0,0.0
15-20,2021-03-25,2.0,0.0
15-20,2021-03-26,3.0,0.0
15-20,2021-03-27,0.0,0.0
15-20,2021-03-28,0.0,0.0
15-20,2021-03-29,1.0,0.0
15-20,2021-03-30,2.0,0.0
15-20,2021-03-31,4.0,0.0
15-20,2021-04-01,20.0,0.0
15-20,2021-04-02,12.0,0.0
15-20,2021-04-03,26.0,0.0
15-20,2021-04-04,46.0,0.0
15-20,2021-04-05,62.0,0.0
15-20,2021-04-06,53.0,0.0
15-20,2021-04-07,37.0,0.0
15-20,2021-04-08,41.0,0.0
15-20,2021-04-09,102.0,0.0
15-20,2021-04-10,121.0,0.0
15-20,2021-04-11,145.0,0.0
15-20,2021-04-12,178.0,0.0
15-20,2021-04-13,172.0,0.0
15-20,2021-04-14,178.0,0.0
15-20,2021-04-15,150.0,0.0
15-20,2021-04-16,163.0,0.0
15-20,2021-04-17,141.0,0.0
15-20,2021-04-18,125.0,0.0
15-20,2021-04-19,210.0,0.0
15-20,2021-04-20,199.0,0.0
15-20,2021-04-21,155.0,0.0
15-20,2021-04-22,170.0,1.0
15-20,2021-04-23,63.0,0.0
15-20,2021-04-24,123.0,0.0
15-20,2021-04-25,147.0,0.0
15-20,2021-04-26,200.0,0.0
15-20,2021-04-27,127.0,0.0
15-20,2021-04-28,107.0,0.0
15-20,2021-04-29,62.0,0.0
15-20,2021-04-30,25.0,1.0
15-20,2021-05-01,6.0,0.0
15-20,2021-05-02,3.0,0.0
15-20,2021-05-03,4.0,0.0
15-20,2021-05-04,4.0,0.0
15-20,2021-05-05,2.0,0.0
15-20,2021-05-06,7.0,0.0
15-20,2021-05-07,3.0,0.0
15-20,2021-05-08,7.0,0.0
15-20,2021-05-09,2.0,0.0
15-20,2021-05-10,6.0,0.0
15-20,2021-05-11,13.0,0.0
15-20,2021-05-12,5.0,0.0
15-20,2021-05-13,17.0,0.0
15-20,2021-05-14,24.0,0.0
15-20,2021-05-15,48.0,0.0
15-20,2021-05-16,38.0,0.0
15-20,2021-05-17,65.0,0.0
15-20,2021-05-18,125.0,0.0
15-20,2021-05-19,106.0,0.0
15-20,2021-05-20,0.0,0.0
20-25,2021-01-01,0.0,0.0
20-25,2021-01-02,51.0,0.0
20-25,2021-01-03,16.0,0.0
20-25,2021-01-04,48.0,0.0
20-25,2021-01-05,88.0,0.0
20-25,2021-01-06,78.0,0.0
20-25,2021-01-07,52.0,0.0
20-25,2021-01-08,45.0,0.0
20-25,2021-01-09,36.0,0.0
20-25,2021-01-10,34.0,0.0
20-25,2021-01-11,18.0,1.0
20-25,2021-01-12,11.0,0.0
20-25,2021-01-13,1.0,0.0
20-25,2021-01-14,2.0,0.0
20-25,2021-01-15,1.0,1.0
20-25,2021-01-16,0.0,0.0
20-25,2021-01-17,2.0,0.0
20-25,2021-01-18,2.0,0.0
20-25,2021-01-19,3.0,0.0
20-25,2021-01-20,0.0,0.0
20-25,2021-01-21,3.0,0.0
20-25,2021-01-22,0.0,0.0
20-25,2021-01-23,0.0,0.0
20-25,2021-01-24,0.0,0.0
20-25,2021-01-25,0.0,0.0
20-25,2021-01-26,0.0,0.0
20-25,2021-01-27,1.0,0.0
20-25,2021-01-28,0.0,0.0
20-25,2021-01-29,1.0,0.0
20-25,2021-01-30,0.0,0.0
20-25,2021-01-31,0.0,0.0
20-25,2021-02-01,2.0,0.0
20-25,2021-02-02,2.0,0.0
20-25,2021-02-03,0.0,0.0
20-25,2021-02-04,0.0,0.0
20-25,2021-02-05,2.0,0.0
20-25,2021-02-06,0.0,0.0
20-25,2021-02-07,0.0,0.0
20-25,2021-02-08,0.0,0.0
20-25,2021-02-09,0.0,0.0
20-25,2021-02-10,0.0,1.0
20-25,2021-02-11,0.0,0.0
20-25,2021-02-12,0.0,0.0
20-25,2021-02-13,0.0,0.0
20-25,2021-02-14,0.0,0.0
20-25,2021-02-15,0.0,0.0
20-25,2021-02-16,0.0,0.0
20-25,2021-02-17,0.0,0.0
20-25,2021-02-18,1.0,0.0
20-25,2021-02-19,1.0,0.0
20-25,2021-02-20,0.0,0.0
20-25,2021-02-21,0.0,0.0
20-25,2021-02-22,0.0,0.0
20-25,2021-02-23,0.0,0.0
20-25,2021-02-24,0.0,0.0
20-25,2021-02-25,0.0,0.0
20-25,2021-02-26,0.0,0.0
20-25,2021-02-27,0.0,0.0
20-25,2021-02-28,0.0,0.0
20-25,2021-03-01,1.0,0.0
20-25,2021-03-02,0.0,0.0
20-25,2021-03-03,1.0,0.0
20-25,2021-03-04,1.0,0.0
20-25,2021-03-05,1.0,0.0
20-25,2021-03-06,0.0,0.0
20-25,2021-03-07,0.0,0.0
20-25,2021-03-08,0.0,0.0
20-25,2021-03-09,2.0,0.0
20-25,2021-03-10,1.0,1.0
20-25,2021-03-11,1.0,0.0
20-25,2021-03-12,0.0,0.0
20-25,2021-03-13,0.0,1.0
20-25,2021-03-14,1.0,0.0
20-25,2021-03-15,0.0,0.0
20-25,2021-03-16,1.0,0.0
20-25,2021-03-17,0.0,0.0
20-25,2021-03-18,0.0,0.0
20-25,2021-03-19,1.0,0.0
20-25,2021-03-20,0.0,0.0
20-25,2021-03-21,0.0,0.0
20-25,2021-03-22,0.0,0.0
20-25,2021-03-23,1.0,0.0
20-25,2021-03-24,2.0,0.0
20-25,2021-03-25,6.0,0.0
20-25,2021-03-26,4.0,0.0
20-25,2021-03-27,2.0,0.0
20-25,2021-03-28,0.0,0.0
20-25,2021-03-29,9.0,0.0
20-25,2021-03-30,8.0,0.0
20-25,2021-03-31,15.0,0.0
20-25,2021-04-01,28.0,0.0
20-25,2021-04-02,31.0,0.0
20-25,2021-04-03,36.0,0.0
20-25,2021-04-04,98.0,0.0
20-25,2021-04-05,134.0,0.0
20-25,2021-04-06,129.0,0.0
20-25,2021-04-07,95.0,0.0
20-25,2021-04-08,61.0,0.0
20-25,2021-04-09,201.0,0.0
20-25,2021-04-10,214.0,0.0
20-25,2021-04-11,217.0,0.0
20-25,2021-04-12,328.0,0.0
20-25,2021-04-13,356.0,0.0
20-25,2021-04-14,390.0,0.0
20-25,2021-04-15,350.0,0.0
20-25,2021-04-16,296.0,1.0
20-25,2021-04-17,253.0,0.0
20-25,2021-04-18,199.0,0.0
20-25,2021-04-19,423.0,0.0
20-25,2021-04-20,418.0,0.0
20-25,2021-04-21,355.0,0.0
20-25,2021-04-22,291.0,0.0
20-25,2021-04-23,148.0,0.0
20-25,2021-04-24,215.0,0.0
20-25,2021-04-25,243.0,0.0
20-25,2021-04-26,327.0,1.0
20-25,2021-04-27,279.0,0.0
20-25,2021-04-28,227.0,0.0
20-25,2021-04-29,135.0,0.0
20-25,2021-04-30,63.0,0.0
20-25,2021-05-01,17.0,1.0
20-25,2021-05-02,6.0,0.0
20-25,2021-05-03,6.0,0.0
20-25,2021-05-04,23.0,0.0
20-25,2021-05-05,12.0,2.0
20-25,2021-05-06,11.0,0.0
20-25,2021-05-07,37.0,0.0
20-25,2021-05-08,26.0,0.0
20-25,2021-05-09,12.0,0.0
20-25,2021-05-10,36.0,0.0
20-25,2021-05-11,37.0,0.0
20-25,2021-05-12,28.0,0.0
20-25,2021-05-13,36.0,0.0
20-25,2021-05-14,54.0,0.0
20-25,2021-05-15,99.0,2.0
20-25,2021-05-16,53.0,0.0
20-25,2021-05-17,107.0,0.0
20-25,2021-05-18,272.0,0.0
20-25,2021-05-19,279.0,0.0
20-25,2021-05-20,0.0,0.0
25-30,2021-01-01,0.0,0.0
25-30,2021-01-02,79.0,0.0
25-30,2021-01-03,24.0,0.0
25-30,2021-01-04,51.0,0.0
25-30,2021-01-05,119.0,0.0
25-30,2021-01-06,125.0,0.0
25-30,2021-01-07,84.0,0.0
25-30,2021-01-08,47.0,0.0
25-30,2021-01-09,62.0,0.0
25-30,2021-01-10,51.0,0.0
25-30,2021-01-11,31.0,0.0
25-30,2021-01-12,13.0,0.0
25-30,2021-01-13,4.0,0.0
25-30,2021-01-14,4.0,0.0
25-30,2021-01-15,0.0,0.0
25-30,2021-01-16,0.0,0.0
25-30,2021-01-17,2.0,0.0
25-30,2021-01-18,2.0,0.0
25-30,2021-01-19,1.0,0.0
25-30,2021-01-20,4.0,0.0
25-30,2021-01-21,4.0,0.0
25-30,2021-01-22,1.0,0.0
25-30,2021-01-23,1.0,0.0
25-30,2021-01-24,0.0,0.0
25-30,2021-01-25,0.0,0.0
25-30,2021-01-26,0.0,0.0
25-30,2021-01-27,0.0,0.0
25-30,2021-01-28,1.0,0.0
25-30,2021-01-29,0.0,0.0
25-30,2021-01-30,1.0,0.0
25-30,2021-01-31,0.0,0.0
25-30,2021-02-01,0.0,0.0
25-30,2021-02-02,1.0,0.0
25-30,2021-02-03,0.0,0.0
25-30,2021-02-04,0.0,1.0
25-30,2021-02-05,1.0,0.0
25-30,2021-02-06,1.0,0.0
25-30,2021-02-07,1.0,0.0
25-30,2021-02-08,1.0,0.0
25-30,2021-02-09,1.0,0.0
25-30,2021-02-10,0.0,0.0
25-30,2021-02-11,0.0,0.0
25-30,2021-02-12,0.0,0.0
25-30,2021-02-13,0.0,0.0
25-30,2021-02-14,0.0,0.0
25-30,2021-02-15,0.0,0.0
25-30,2021-02-16,0.0,0.0
25-30,2021-02-17,0.0,0.0
25-30,2021-02-18,0.0,0.0
25-30,2021-02-19,2.0,0.0
25-30,2021-02-20,0.0,0.0
25-30,2021-02-21,0.0,0.0
25-30,2021-02-22,0.0,0.0
25-30,2021-02-23,1.0,0.0
25-30,2021-02-24,0.0,0.0
25-30,2021-02-25,0.0,0.0
25-30,2021-02-26,1.0,0.0
25-30,2021-02-27,0.0,0.0
25-30,2021-02-28,0.0,0.0
25-30,2021-03-01,3.0,0.0
25-30,2021-03-02,0.0,0.0
25-30,2021-03-03,0.0,0.0
25-30,2021-03-04,0.0,0.0
25-30,2021-03-05,0.0,1.0
25-30,2021-03-06,1.0,0.0
25-30,2021-03-07,0.0,0.0
25-30,2021-03-08,3.0,0.0
25-30,2021-03-09,1.0,0.0
25-30,2021-03-10,1.0,0.0
25-30,2021-03-11,0.0,0.0
25-30,2021-03-12,2.0,0.0
25-30,2021-03-13,0.0,0.0
25-30,2021-03-14,0.0,0.0
25-30,2021-03-15,3.0,0.0
25-30,2021-03-16,0.0,0.0
25-30,2021-03-17,2.0,0.0
25-30,2021-03-18,0.0,0.0
25-30,2021-03-19,3.0,0.0
25-30,2021-03-20,3.0,0.0
25-30,2021-03-21,1.0,0.0
25-30,2021-03-22,0.0,0.0
25-30,2021-03-23,1.0,0.0
25-30,2021-03-24,4.0,0.0
25-30,2021-03-25,9.0,0.0
25-30,2021-03-26,3.0,0.0
25-30,2021-03-27,1.0,0.0
25-30,2021-03-28,2.0,0.0
25-30,2021-03-29,0.0,0.0
25-30,2021-03-30,11.0,0.0
25-30,2021-03-31,23.0,0.0
25-30,2021-04-01,29.0,0.0
25-30,2021-04-02,29.0,0.0
25-30,2021-04-03,46.0,0.0
25-30,2021-04-04,114.0,0.0
25-30,2021-04-05,145.0,0.0
25-30,2021-04-06,169.0,0.0
25-30,2021-04-07,94.0,0.0
25-30,2021-04-08,87.0,0.0
25-30,2021-04-09,216.0,0.0
25-30,2021-04-10,274.0,0.0
25-30,2021-04-11,286.0,1.0
25-30,2021-04-12,422.0,0.0
25-30,2021-04-13,460.0,1.0
25-30,2021-04-14,483.0,0.0
25-30,2021-04-15,394.0,0.0
25-30,2021-04-16,344.0,0.0
25-30,2021-04-17,303.0,0.0
25-30,2021-04-18,244.0,0.0
25-30,2021-04-19,519.0,0.0
25-30,2021-04-20,553.0,0.0
25-30,2021-04-21,471.0,0.0
25-30,2021-04-22,355.0,0.0
25-30,2021-04-23,189.0,0.0
25-30,2021-04-24,259.0,1.0
25-30,2021-04-25,278.0,0.0
25-30,2021-04-26,459.0,0.0
25-30,2021-04-27,377.0,0.0
25-30,2021-04-28,267.0,1.0
25-30,2021-04-29,174.0,0.0
25-30,2021-04-30,86.0,1.0
25-30,2021-05-01,17.0,1.0
25-30,2021-05-02,6.0,0.0
25-30,2021-05-03,19.0,0.0
25-30,2021-05-04,17.0,0.0
25-30,2021-05-05,16.0,0.0
25-30,2021-05-06,23.0,0.0
25-30,2021-05-07,38.0,0.0
25-30,2021-05-08,27.0,0.0
25-30,2021-05-09,16.0,1.0
25-30,2021-05-10,46.0,0.0
25-30,2021-05-11,48.0,0.0
25-30,2021-05-12,38.0,0.0
25-30,2021-05-13,45.0,0.0
25-30,2021-05-14,69.0,1.0
25-30,2021-05-15,119.0,0.0
25-30,2021-05-16,74.0,0.0
25-30,2021-05-17,161.0,0.0
25-30,2021-05-18,348.0,0.0
25-30,2021-05-19,295.0,0.0
25-30,2021-05-20,0.0,0.0
30-35,2021-01-01,0.0,0.0
30-35,2021-01-02,79.0,0.0
30-35,2021-01-03,28.0,0.0
30-35,2021-01-04,80.0,0.0
30-35,2021-01-05,112.0,0.0
30-35,2021-01-06,104.0,1.0
30-35,2021-01-07,62.0,0.0
30-35,2021-01-08,52.0,0.0
30-35,2021-01-09,75.0,0.0
30-35,2021-01-10,56.0,0.0
30-35,2021-01-11,19.0,0.0
30-35,2021-01-12,14.0,0.0
30-35,2021-01-13,6.0,0.0
30-35,2021-01-14,1.0,0.0
30-35,2021-01-15,3.0,1.0
30-35,2021-01-16,1.0,0.0
30-35,2021-01-17,0.0,0.0
30-35,2021-01-18,7.0,0.0
30-35,2021-01-19,1.0,0.0
30-35,2021-01-20,3.0,0.0
30-35,2021-01-21,0.0,0.0
30-35,2021-01-22,0.0,0.0
30-35,2021-01-23,1.0,0.0
30-35,2021-01-24,0.0,0.0
30-35,2021-01-25,1.0,0.0
30-35,2021-01-26,1.0,0.0
30-35,2021-01-27,0.0,1.0
30-35,2021-01-28,0.0,0.0
30-35,2021-01-29,1.0,0.0
30-35,2021-01-30,0.0,0.0
30-35,2021-01-31,0.0,0.0
30-35,2021-02-01,2.0,1.0
30-35,2021-02-02,1.0,0.0
30-35,2021-02-03,0.0,0.0
30-35,2021-02-04,0.0,0.0
30-35,2021-02-05,1.0,0.0
30-35,2021-02-06,0.0,0.0
30-35,2021-02-07,0.0,0.0
30-35,2021-02-08,0.0,0.0
30-35,2021-02-09,0.0,0.0
30-35,2021-02-10,3.0,1.0
30-35,2021-02-11,1.0,0.0
30-35,2021-02-12,1.0,0.0
30-35,2021-02-13,0.0,0.0
30-35,2021-02-14,0.0,0.0
30-35,2021-02-15,0.0,0.0
30-35,2021-02-16,0.0,0.0
30-35,2021-02-17,0.0,0.0
30-35,2021-02-18,0.0,0.0
30-35,2021-02-19,0.0,0.0
30-35,2021-02-20,0.0,0.0
30-35,2021-02-21,0.0,0.0
30-35,2021-02-22,0.0,0.0
30-35,2021-02-23,2.0,0.0
30-35,2021-02-24,1.0,0.0
30-35,2021-02-25,1.0,0.0
30-35,2021-02-26,0.0,0.0
30-35,2021-02-27,0.0,0.0
30-35,2021-02-28,0.0,0.0
30-35,2021-03-01,0.0,0.0
30-35,2021-03-02,1.0,0.0
30-35,2021-03-03,0.0,0.0
30-35,2021-03-04,0.0,0.0
30-35,2021-03-05,1.0,0.0
30-35,2021-03-06,1.0,0.0
30-35,2021-03-07,0.0,0.0
30-35,2021-03-08,1.0,0.0
30-35,2021-03-09,1.0,0.0
30-35,2021-03-10,3.0,0.0
30-35,2021-03-11,2.0,0.0
30-35,2021-03-12,1.0,0.0
30-35,2021-03-13,1.0,0.0
30-35,2021-03-14,1.0,0.0
30-35,2021-03-15,2.0,0.0
30-35,2021-03-16,1.0,0.0
30-35,2021-03-17,1.0,0.0
30-35,2021-03-18,2.0,0.0
30-35,2021-03-19,1.0,0.0
30-35,2021-03-20,1.0,0.0
30-35,2021-03-21,0.0,0.0
30-35,2021-03-22,1.0,0.0
30-35,2021-03-23,2.0,0.0
30-35,2021-03-24,4.0,0.0
30-35,2021-03-25,7.0,0.0
30-35,2021-03-26,2.0,0.0
30-35,2021-03-27,2.0,0.0
30-35,2021-03-28,3.0,0.0
30-35,2021-03-29,3.0,0.0
30-35,2021-03-30,7.0,0.0
30-35,2021-03-31,11.0,0.0
30-35,2021-04-01,43.0,0.0
30-35,2021-04-02,36.0,0.0
30-35,2021-04-03,54.0,0.0
30-35,2021-04-04,98.0,0.0
30-35,2021-04-05,179.0,0.0
30-35,2021-04-06,154.0,0.0
30-35,2021-04-07,80.0,0.0
30-35,2021-04-08,84.0,0.0
30-35,2021-04-09,177.0,0.0
30-35,2021-04-10,261.0,0.0
30-35,2021-04-11,260.0,0.0
30-35,2021-04-12,398.0,0.0
30-35,2021-04-13,385.0,0.0
30-35,2021-04-14,461.0,0.0
30-35,2021-04-15,344.0,0.0
30-35,2021-04-16,348.0,0.0
30-35,2021-04-17,284.0,0.0
30-35,2021-04-18,233.0,0.0
30-35,2021-04-19,488.0,0.0
30-35,2021-04-20,505.0,0.0
30-35,2021-04-21,412.0,4.0
30-35,2021-04-22,334.0,1.0
30-35,2021-04-23,219.0,0.0
30-35,2021-04-24,247.0,0.0
30-35,2021-04-25,264.0,0.0
30-35,2021-04-26,446.0,1.0
30-35,2021-04-27,339.0,1.0
30-35,2021-04-28,210.0,0.0
30-35,2021-04-29,177.0,1.0
30-35,2021-04-30,81.0,1.0
30-35,2021-05-01,13.0,1.0
30-35,2021-05-02,11.0,1.0
30-35,2021-05-03,15.0,2.0
30-35,2021-05-04,20.0,2.0
30-35,2021-05-05,19.0,0.0
30-35,2021-05-06,17.0,0.0
30-35,2021-05-07,39.0,0.0
30-35,2021-05-08,29.0,1.0
30-35,2021-05-09,13.0,0.0
30-35,2021-05-10,38.0,1.0
30-35,2021-05-11,47.0,0.0
30-35,2021-05-12,38.0,0.0
30-35,2021-05-13,43.0,1.0
30-35,2021-05-14,70.0,0.0
30-35,2021-05-15,106.0,1.0
30-35,2021-05-16,82.0,2.0
30-35,2021-05-17,149.0,0.0
30-35,2021-05-18,340.0,0.0
30-35,2021-05-19,289.0,0.0
30-35,2021-05-20,0.0,0.0
35-40,2021-01-01,0.0,0.0
35-40,2021-01-02,37.0,0.0
35-40,2021-01-03,31.0,0.0
35-40,2021-01-04,116.0,0.0
35-40,2021-01-05,113.0,0.0
35-40,2021-01-06,39.0,0.0
35-40,2021-01-07,43.0,0.0
35-40,2021-01-08,105.0,0.0
35-40,2021-01-09,45.0,0.0
35-40,2021-01-10,36.0,0.0
35-40,2021-01-11,15.0,1.0
35-40,2021-01-12,18.0,1.0
35-40,2021-01-13,3.0,0.0
35-40,2021-01-14,1.0,0.0
35-40,2021-01-15,0.0,0.0
35-40,2021-01-16,0.0,0.0
35-40,2021-01-17,0.0,0.0
35-40,2021-01-18,5.0,0.0
35-40,2021-01-19,2.0,0.0
35-40,2021-01-20,1.0,2.0
35-40,2021-01-21,2.0,0.0
35-40,2021-01-22,2.0,0.0
35-40,2021-01-23,0.0,0.0
35-40,2021-01-24,0.0,0.0
35-40,2021-01-25,1.0,0.0
35-40,2021-01-26,1.0,0.0
35-40,2021-01-27,1.0,0.0
35-40,2021-01-28,0.0,1.0
35-40,2021-01-29,0.0,0.0
35-40,2021-01-30,0.0,0.0
35-40,2021-01-31,0.0,0.0
35-40,2021-02-01,0.0,0.0
35-40,2021-02-02,1.0,0.0
35-40,2021-02-03,0.0,0.0
35-40,2021-02-04,0.0,0.0
35-40,2021-02-05,0.0,0.0
35-40,2021-02-06,0.0,0.0
35-40,2021-02-07,0.0,0.0
35-40,2021-02-08,0.0,0.0
35-40,2021-02-09,0.0,0.0
35-40,2021-02-10,1.0,0.0
35-40,2021-02-11,0.0,0.0
35-40,2021-02-12,0.0,0.0
35-40,2021-02-13,0.0,0.0
35-40,2021-02-14,0.0,0.0
35-40,2021-02-15,0.0,0.0
35-40,2021-02-16,0.0,0.0
35-40,2021-02-17,1.0,0.0
35-40,2021-02-18,0.0,0.0
35-40,2021-02-19,0.0,1.0
35-40,2021-02-20,8.0,0.0
35-40,2021-02-21,0.0,0.0
35-40,2021-02-22,0.0,0.0
35-40,2021-02-23,1.0,0.0
35-40,2021-02-24,2.0,0.0
35-40,2021-02-25,1.0,0.0
35-40,2021-02-26,0.0,0.0
35-40,2021-02-27,0.0,0.0
35-40,2021-02-28,0.0,0.0
35-40,2021-03-01,0.0,0.0
35-40,2021-03-02,0.0,0.0
35-40,2021-03-03,2.0,0.0
35-40,2021-03-04,0.0,0.0
35-40,2021-03-05,1.0,0.0
35-40,2021-03-06,0.0,0.0
35-40,2021-03-07,0.0,0.0
35-40,2021-03-08,2.0,1.0
35-40,2021-03-09,1.0,0.0
35-40,2021-03-10,1.0,0.0
35-40,2021-03-11,1.0,0.0
35-40,2021-03-12,0.0,0.0
35-40,2021-03-13,0.0,0.0
35-40,2021-03-14,1.0,0.0
35-40,2021-03-15,0.0,0.0
35-40,2021-03-16,2.0,0.0
35-40,2021-03-17,1.0,0.0
35-40,2021-03-18,0.0,0.0
35-40,2021-03-19,2.0,0.0
35-40,2021-03-20,2.0,0.0
35-40,2021-03-21,1.0,0.0
35-40,2021-03-22,1.0,0.0
35-40,2021-03-23,4.0,0.0
35-40,2021-03-24,1.0,0.0
35-40,2021-03-25,4.0,0.0
35-40,2021-03-26,8.0,0.0
35-40,2021-03-27,2.0,0.0
35-40,2021-03-28,3.0,0.0
35-40,2021-03-29,5.0,0.0
35-40,2021-03-30,7.0,0.0
35-40,2021-03-31,25.0,0.0
35-40,2021-04-01,29.0,0.0
35-40,2021-04-02,32.0,0.0
35-40,2021-04-03,30.0,0.0
35-40,2021-04-04,107.0,0.0
35-40,2021-04-05,175.0,0.0
35-40,2021-04-06,162.0,0.0
35-40,2021-04-07,83.0,0.0
35-40,2021-04-08,84.0,0.0
35-40,2021-04-09,156.0,0.0
35-40,2021-04-10,219.0,0.0
35-40,2021-04-11,271.0,1.0
35-40,2021-04-12,333.0,0.0
35-40,2021-04-13,379.0,0.0
35-40,2021-04-14,419.0,0.0
35-40,2021-04-15,337.0,0.0
35-40,2021-04-16,336.0,0.0
35-40,2021-04-17,246.0,1.0
35-40,2021-04-18,215.0,0.0
35-40,2021-04-19,477.0,0.0
35-40,2021-04-20,391.0,1.0
35-40,2021-04-21,409.0,1.0
35-40,2021-04-22,322.0,0.0
35-40,2021-04-23,170.0,0.0
35-40,2021-04-24,229.0,0.0
35-40,2021-04-25,269.0,3.0
35-40,2021-04-26,386.0,0.0
35-40,2021-04-27,348.0,2.0
35-40,2021-04-28,206.0,0.0
35-40,2021-04-29,180.0,1.0
35-40,2021-04-30,78.0,1.0
35-40,2021-05-01,15.0,0.0
35-40,2021-05-02,9.0,2.0
35-40,2021-05-03,20.0,1.0
35-40,2021-05-04,16.0,1.0
35-40,2021-05-05,12.0,0.0
35-40,2021-05-06,22.0,0.0
35-40,2021-05-07,20.0,1.0
35-40,2021-05-08,25.0,0.0
35-40,2021-05-09,18.0,0.0
35-40,2021-05-10,47.0,3.0
35-40,2021-05-11,46.0,0.0
35-40,2021-05-12,38.0,2.0
35-40,2021-05-13,36.0,1.0
35-40,2021-05-14,57.0,0.0
35-40,2021-05-15,86.0,0.0
35-40,2021-05-16,69.0,0.0
35-40,2021-05-17,149.0,0.0
35-40,2021-05-18,325.0,0.0
35-40,2021-05-19,279.0,1.0
35-40,2021-05-20,0.0,0.0
40-45,2021-01-01,0.0,0.0
40-45,2021-01-02,30.0,0.0
40-45,2021-01-03,36.0,0.0
40-45,2021-01-04,122.0,0.0
40-45,2021-01-05,74.0,0.0
40-45,2021-01-06,32.0,0.0
40-45,2021-01-07,33.0,0.0
40-45,2021-01-08,94.0,1.0
40-45,2021-01-09,37.0,1.0
40-45,2021-01-10,11.0,0.0
40-45,2021-01-11,16.0,0.0
40-45,2021-01-12,14.0,0.0
40-45,2021-01-13,4.0,0.0
40-45,2021-01-14,3.0,1.0
40-45,2021-01-15,2.0,0.0
40-45,2021-01-16,0.0,0.0
40-45,2021-01-17,0.0,1.0
40-45,2021-01-18,3.0,0.0
40-45,2021-01-19,0.0,0.0
40-45,2021-01-20,1.0,0.0
40-45,2021-01-21,3.0,0.0
40-45,2021-01-22,0.0,0.0
40-45,2021-01-23,1.0,0.0
40-45,2021-01-24,0.0,0.0
40-45,2021-01-25,0.0,0.0
40-45,2021-01-26,1.0,0.0
40-45,2021-01-27,0.0,0.0
40-45,2021-01-28,1.0,0.0
40-45,2021-01-29,0.0,0.0
40-45,2021-01-30,0.0,1.0
40-45,2021-01-31,1.0,1.0
40-45,2021-02-01,0.0,0.0
40-45,2021-02-02,1.0,0.0
40-45,2021-02-03,0.0,0.0
40-45,2021-02-04,0.0,0.0
40-45,2021-02-05,0.0,0.0
40-45,2021-02-06,0.0,0.0
40-45,2021-02-07,0.0,0.0
40-45,2021-02-08,1.0,0.0
40-45,2021-02-09,0.0,0.0
40-45,2021-02-10,0.0,0.0
40-45,2021-02-11,1.0,0.0
40-45,2021-02-12,1.0,1.0
40-45,2021-02-13,0.0,0.0
40-45,2021-02-14,0.0,1.0
40-45,2021-02-15,0.0,1.0
40-45,2021-02-16,0.0,0.0
40-45,2021-02-17,0.0,0.0
40-45,2021-02-18,1.0,0.0
40-45,2021-02-19,1.0,0.0
40-45,2021-02-20,7.0,0.0
40-45,2021-02-21,0.0,0.0
40-45,2021-02-22,0.0,0.0
40-45,2021-02-23,0.0,0.0
40-45,2021-02-24,0.0,0.0
40-45,2021-02-25,0.0,0.0
40-45,2021-02-26,1.0,0.0
40-45,2021-02-27,1.0,0.0
40-45,2021-02-28,1.0,0.0
40-45,2021-03-01,0.0,0.0
40-45,2021-03-02,0.0,0.0
40-45,2021-03-03,0.0,0.0
40-45,2021-03-04,0.0,0.0
40-45,2021-03-05,0.0,0.0
40-45,2021-03-06,0.0,0.0
40-45,2021-03-07,0.0,0.0
40-45,2021-03-08,1.0,0.0
40-45,2021-03-09,1.0,0.0
40-45,2021-03-10,1.0,0.0
40-45,2021-03-11,2.0,0.0
40-45,2021-03-12,0.0,0.0
40-45,2021-03-13,0.0,0.0
40-45,2021-03-14,0.0,0.0
40-45,2021-03-15,0.0,0.0
40-45,2021-03-16,2.0,0.0
40-45,2021-03-17,0.0,0.0
40-45,2021-03-18,1.0,0.0
40-45,2021-03-19,1.0,0.0
40-45,2021-03-20,0.0,0.0
40-45,2021-03-21,2.0,0.0
40-45,2021-03-22,1.0,0.0
40-45,2021-03-23,4.0,0.0
40-45,2021-03-24,1.0,0.0
40-45,2021-03-25,0.0,0.0
40-45,2021-03-26,3.0,0.0
40-45,2021-03-27,5.0,0.0
40-45,2021-03-28,1.0,0.0
40-45,2021-03-29,4.0,0.0
40-45,2021-03-30,4.0,0.0
40-45,2021-03-31,10.0,0.0
40-45,2021-04-01,21.0,0.0
40-45,2021-04-02,30.0,0.0
40-45,2021-04-03,40.0,0.0
40-45,2021-04-04,76.0,0.0
40-45,2021-04-05,148.0,0.0
40-45,2021-04-06,125.0,0.0
40-45,2021-04-07,70.0,1.0
40-45,2021-04-08,66.0,0.0
40-45,2021-04-09,135.0,0.0
40-45,2021-04-10,212.0,0.0
40-45,2021-04-11,210.0,0.0
40-45,2021-04-12,316.0,0.0
40-45,2021-04-13,333.0,0.0
40-45,2021-04-14,348.0,1.0
40-45,2021-04-15,275.0,0.0
40-45,2021-04-16,284.0,0.0
40-45,2021-04-17,240.0,0.0
40-45,2021-04-18,195.0,0.0
40-45,2021-04-19,403.0,1.0
40-45,2021-04-20,388.0,1.0
40-45,2021-04-21,364.0,0.0
40-45,2021-04-22,256.0,0.0
40-45,2021-04-23,162.0,0.0
40-45,2021-04-24,204.0,2.0
40-45,2021-04-25,265.0,1.0
40-45,2021-04-26,376.0,1.0
40-45,2021-04-27,276.0,2.0
40-45,2021-04-28,200.0,2.0
40-45,2021-04-29,166.0,2.0
40-45,2021-04-30,82.0,2.0
40-45,2021-05-01,13.0,2.0
40-45,2021-05-02,11.0,1.0
40-45,2021-05-03,12.0,1.0
40-45,2021-05-04,13.0,2.0
40-45,2021-05-05,10.0,1.0
40-45,2021-05-06,18.0,1.0
40-45,2021-05-07,18.0,0.0
40-45,2021-05-08,21.0,1.0
40-45,2021-05-09,11.0,0.0
40-45,2021-05-10,42.0,1.0
40-45,2021-05-11,30.0,1.0
40-45,2021-05-12,27.0,0.0
40-45,2021-05-13,36.0,0.0
40-45,2021-05-14,59.0,1.0
40-45,2021-05-15,90.0,0.0
40-45,2021-05-16,65.0,4.0
40-45,2021-05-17,125.0,1.0
40-45,2021-05-18,321.0,1.0
40-45,2021-05-19,221.0,0.0
40-45,2021-05-20,0.0,0.0
45-50,2021-01-01,0.0,0.0
45-50,2021-01-02,19.0,0.0
45-50,2021-01-03,21.0,0.0
45-50,2021-01-04,110.0,0.0
45-50,2021-01-05,55.0,0.0
45-50,2021-01-06,33.0,0.0
45-50,2021-01-07,23.0,0.0
45-50,2021-01-08,92.0,0.0
45-50,2021-01-09,34.0,0.0
45-50,2021-01-10,11.0,0.0
45-50,2021-01-11,9.0,0.0
45-50,2021-01-12,13.0,0.0
45-50,2021-01-13,2.0,0.0
45-50,2021-01-14,1.0,0.0
45-50,2021-01-15,0.0,0.0
45-50,2021-01-16,0.0,0.0
45-50,2021-01-17,0.0,0.0
45-50,2021-01-18,4.0,0.0
45-50,2021-01-19,0.0,1.0
45-50,2021-01-20,2.0,0.0
45-50,2021-01-21,1.0,0.0
45-50,2021-01-22,2.0,0.0
45-50,2021-01-23,1.0,0.0
45-50,2021-01-24,1.0,0.0
45-50,2021-01-25,0.0,0.0
45-50,2021-01-26,1.0,1.0
45-50,2021-01-27,1.0,0.0
45-50,2021-01-28,1.0,0.0
45-50,2021-01-29,0.0,0.0
45-50,2021-01-30,1.0,0.0
45-50,2021-01-31,0.0,0.0
45-50,2021-02-01,0.0,0.0
45-50,2021-02-02,0.0,1.0
45-50,2021-02-03,1.0,0.0
45-50,2021-02-04,0.0,0.0
45-50,2021-02-05,0.0,0.0
45-50,2021-02-06,0.0,0.0
45-50,2021-02-07,0.0,0.0
45-50,2021-02-08,0.0,0.0
45-50,2021-02-09,0.0,0.0
45-50,2021-02-10,0.0,0.0
45-50,2021-02-11,0.0,0.0
45-50,2021-02-12,1.0,0.0
45-50,2021-02-13,0.0,1.0
45-50,2021-02-14,0.0,0.0
45-50,2021-02-15,0.0,0.0
45-50,2021-02-16,0.0,0.0
45-50,2021-02-17,0.0,0.0
45-50,2021-02-18,0.0,0.0
45-50,2021-02-19,0.0,0.0
45-50,2021-02-20,3.0,0.0
45-50,2021-02-21,0.0,0.0
45-50,2021-02-22,0.0,0.0
45-50,2021-02-23,0.0,0.0
45-50,2021-02-24,1.0,0.0
45-50,2021-02-25,0.0,0.0
45-50,2021-02-26,0.0,0.0
45-50,2021-02-27,0.0,0.0
45-50,2021-02-28,0.0,0.0
45-50,2021-03-01,0.0,0.0
45-50,2021-03-02,1.0,0.0
45-50,2021-03-03,0.0,1.0
45-50,2021-03-04,0.0,0.0
45-50,2021-03-05,1.0,0.0
45-50,2021-03-06,2.0,0.0
45-50,2021-03-07,0.0,0.0
45-50,2021-03-08,0.0,0.0
45-50,2021-03-09,1.0,0.0
45-50,2021-03-10,2.0,0.0
45-50,2021-03-11,1.0,0.0
45-50,2021-03-12,0.0,0.0
45-50,2021-03-13,2.0,0.0
45-50,2021-03-14,1.0,0.0
45-50,2021-03-15,0.0,0.0
45-50,2021-03-16,1.0,2.0
45-50,2021-03-17,0.0,0.0
45-50,2021-03-18,2.0,0.0
45-50,2021-03-19,1.0,0.0
45-50,2021-03-20,0.0,0.0
45-50,2021-03-21,0.0,0.0
45-50,2021-03-22,1.0,0.0
45-50,2021-03-23,2.0,0.0
45-50,2021-03-24,0.0,0.0
45-50,2021-03-25,3.0,0.0
45-50,2021-03-26,5.0,0.0
45-50,2021-03-27,1.0,0.0
45-50,2021-03-28,0.0,0.0
45-50,2021-03-29,3.0,0.0
45-50,2021-03-30,4.0,0.0
45-50,2021-03-31,6.0,0.0
45-50,2021-04-01,15.0,0.0
45-50,2021-04-02,14.0,0.0
45-50,2021-04-03,37.0,0.0
45-50,2021-04-04,92.0,0.0
45-50,2021-04-05,104.0,0.0
45-50,2021-04-06,82.0,0.0
45-50,2021-04-07,51.0,0.0
45-50,2021-04-08,51.0,2.0
45-50,2021-04-09,120.0,0.0
45-50,2021-04-10,165.0,0.0
45-50,2021-04-11,177.0,0.0
45-50,2021-04-12,260.0,0.0
45-50,2021-04-13,273.0,0.0
45-50,2021-04-14,283.0,0.0
45-50,2021-04-15,243.0,1.0
45-50,2021-04-16,253.0,0.0
45-50,2021-04-17,183.0,1.0
45-50,2021-04-18,167.0,0.0
45-50,2021-04-19,371.0,1.0
45-50,2021-04-20,308.0,1.0
45-50,2021-04-21,263.0,2.0
45-50,2021-04-22,222.0,2.0
45-50,2021-04-23,112.0,0.0
45-50,2021-04-24,152.0,0.0
45-50,2021-04-25,209.0,0.0
45-50,2021-04-26,305.0,2.0
45-50,2021-04-27,237.0,1.0
45-50,2021-04-28,158.0,2.0
45-50,2021-04-29,131.0,1.0
45-50,2021-04-30,56.0,2.0
45-50,2021-05-01,6.0,2.0
45-50,2021-05-02,8.0,1.0
45-50,2021-05-03,15.0,4.0
45-50,2021-05-04,15.0,1.0
45-50,2021-05-05,8.0,1.0
45-50,2021-05-06,9.0,3.0
45-50,2021-05-07,13.0,2.0
45-50,2021-05-08,17.0,3.0
45-50,2021-05-09,9.0,3.0
45-50,2021-05-10,27.0,0.0
45-50,2021-05-11,27.0,1.0
45-50,2021-05-12,22.0,1.0
45-50,2021-05-13,30.0,1.0
45-50,2021-05-14,36.0,3.0
45-50,2021-05-15,93.0,3.0
45-50,2021-05-16,54.0,0.0
45-50,2021-05-17,107.0,2.0
45-50,2021-05-18,210.0,0.0
45-50,2021-05-19,216.0,0.0
45-50,2021-05-20,0.0,0.0
50-55,2021-01-01,0.0,0.0
50-55,2021-01-02,29.0,0.0
50-55,2021-01-03,29.0,0.0
50-55,2021-01-04,88.0,0.0
50-55,2021-01-05,69.0,0.0
50-55,2021-01-06,51.0,0.0
50-55,2021-01-07,30.0,1.0
50-55,2021-01-08,81.0,4.0
50-55,2021-01-09,40.0,2.0
50-55,2021-01-10,13.0,0.0
50-55,2021-01-11,9.0,0.0
50-55,2021-01-12,14.0,1.0
50-55,2021-01-13,3.0,0.0
50-55,2021-01-14,1.0,0.0
50-55,2021-01-15,0.0,0.0
50-55,2021-01-16,1.0,0.0
50-55,2021-01-17,1.0,1.0
50-55,2021-01-18,3.0,0.0
50-55,2021-01-19,1.0,0.0
50-55,2021-01-20,3.0,0.0
50-55,2021-01-21,0.0,2.0
50-55,2021-01-22,0.0,0.0
50-55,2021-01-23,0.0,0.0
50-55,2021-01-24,0.0,0.0
50-55,2021-01-25,0.0,1.0
50-55,2021-01-26,0.0,0.0
50-55,2021-01-27,0.0,0.0
50-55,2021-01-28,0.0,0.0
50-55,2021-01-29,0.0,0.0
50-55,2021-01-30,2.0,0.0
50-55,2021-01-31,1.0,0.0
50-55,2021-02-01,1.0,0.0
50-55,2021-02-02,1.0,0.0
50-55,2021-02-03,1.0,1.0
50-55,2021-02-04,0.0,0.0
50-55,2021-02-05,1.0,1.0
50-55,2021-02-06,0.0,0.0
50-55,2021-02-07,0.0,0.0
50-55,2021-02-08,0.0,0.0
50-55,2021-02-09,0.0,0.0
50-55,2021-02-10,0.0,0.0
50-55,2021-02-11,0.0,0.0
50-55,2021-02-12,0.0,1.0
50-55,2021-02-13,0.0,0.0
50-55,2021-02-14,0.0,0.0
50-55,2021-02-15,0.0,0.0
50-55,2021-02-16,0.0,0.0
50-55,2021-02-17,0.0,0.0
50-55,2021-02-18,0.0,1.0
50-55,2021-02-19,0.0,0.0
50-55,2021-02-20,9.0,0.0
50-55,2021-02-21,0.0,0.0
50-55,2021-02-22,0.0,0.0
50-55,2021-02-23,0.0,1.0
50-55,2021-02-24,0.0,0.0
50-55,2021-02-25,0.0,0.0
50-55,2021-02-26,0.0,1.0
50-55,2021-02-27,2.0,0.0
50-55,2021-02-28,0.0,0.0
50-55,2021-03-01,0.0,0.0
50-55,2021-03-02,0.0,0.0
50-55,2021-03-03,0.0,0.0
50-55,2021-03-04,0.0,0.0
50-55,2021-03-05,1.0,0.0
50-55,2021-03-06,1.0,0.0
50-55,2021-03-07,0.0,0.0
50-55,2021-03-08,0.0,1.0
50-55,2021-03-09,0.0,0.0
50-55,2021-03-10,0.0,0.0
50-55,2021-03-11,0.0,0.0
50-55,2021-03-12,0.0,0.0
50-55,2021-03-13,1.0,0.0
50-55,2021-03-14,0.0,0.0
50-55,2021-03-15,1.0,0.0
50-55,2021-03-16,0.0,0.0
50-55,2021-03-17,2.0,0.0
50-55,2021-03-18,0.0,0.0
50-55,2021-03-19,0.0,0.0
50-55,2021-03-20,0.0,0.0
50-55,2021-03-21,0.0,0.0
50-55,2021-03-22,0.0,0.0
50-55,2021-03-23,3.0,0.0
50-55,2021-03-24,0.0,0.0
50-55,2021-03-25,0.0,0.0
50-55,2021-03-26,1.0,0.0
50-55,2021-03-27,2.0,0.0
50-55,2021-03-28,1.0,0.0
50-55,2021-03-29,2.0,0.0
50-55,2021-03-30,2.0,0.0
50-55,2021-03-31,12.0,0.0
50-55,2021-04-01,12.0,0.0
50-55,2021-04-02,18.0,0.0
50-55,2021-04-03,32.0,0.0
50-55,2021-04-04,89.0,0.0
50-55,2021-04-05,114.0,0.0
50-55,2021-04-06,77.0,0.0
50-55,2021-04-07,46.0,0.0
50-55,2021-04-08,43.0,1.0
50-55,2021-04-09,140.0,0.0
50-55,2021-04-10,177.0,0.0
50-55,2021-04-11,194.0,0.0
50-55,2021-04-12,254.0,0.0
50-55,2021-04-13,271.0,1.0
50-55,2021-04-14,297.0,0.0
50-55,2021-04-15,254.0,1.0
50-55,2021-04-16,217.0,0.0
50-55,2021-04-17,204.0,2.0
50-55,2021-04-18,208.0,0.0
50-55,2021-04-19,339.0,3.0
50-55,2021-04-20,309.0,3.0
50-55,2021-04-21,285.0,1.0
50-55,2021-04-22,235.0,2.0
50-55,2021-04-23,123.0,2.0
50-55,2021-04-24,179.0,6.0
50-55,2021-04-25,229.0,1.0
50-55,2021-04-26,275.0,5.0
50-55,2021-04-27,232.0,4.0
50-55,2021-04-28,175.0,4.0
50-55,2021-04-29,100.0,4.0
50-55,2021-04-30,76.0,5.0
50-55,2021-05-01,9.0,4.0
50-55,2021-05-02,8.0,3.0
50-55,2021-05-03,12.0,4.0
50-55,2021-05-04,12.0,4.0
50-55,2021-05-05,5.0,1.0
50-55,2021-05-06,19.0,3.0
50-55,2021-05-07,20.0,5.0
50-55,2021-05-08,19.0,3.0
50-55,2021-05-09,11.0,1.0
50-55,2021-05-10,26.0,1.0
50-55,2021-05-11,31.0,5.0
50-55,2021-05-12,18.0,2.0
50-55,2021-05-13,18.0,2.0
50-55,2021-05-14,34.0,0.0
50-55,2021-05-15,85.0,6.0
50-55,2021-05-16,65.0,0.0
50-55,2021-05-17,101.0,4.0
50-55,2021-05-18,215.0,0.0
50-55,2021-05-19,204.0,2.0
50-55,2021-05-20,0.0,0.0
55-60,2021-01-01,0.0,0.0
55-60,2021-01-02,14.0,2.0
55-60,2021-01-03,12.0,0.0
55-60,2021-01-04,89.0,3.0
55-60,2021-01-05,82.0,2.0
55-60,2021-01-06,49.0,0.0
55-60,2021-01-07,26.0,0.0
55-60,2021-01-08,67.0,0.0
55-60,2021-01-09,33.0,1.0
55-60,2021-01-10,9.0,3.0
55-60,2021-01-11,13.0,3.0
55-60,2021-01-12,12.0,1.0
55-60,2021-01-13,4.0,0.0
55-60,2021-01-14,0.0,3.0
55-60,2021-01-15,0.0,0.0
55-60,2021-01-16,0.0,0.0
55-60,2021-01-17,0.0,0.0
55-60,2021-01-18,4.0,0.0
55-60,2021-01-19,0.0,1.0
55-60,2021-01-20,0.0,1.0
55-60,2021-01-21,0.0,0.0
55-60,2021-01-22,2.0,0.0
55-60,2021-01-23,0.0,1.0
55-60,2021-01-24,0.0,0.0
55-60,2021-01-25,1.0,0.0
55-60,2021-01-26,1.0,0.0
55-60,2021-01-27,0.0,0.0
55-60,2021-01-28,0.0,1.0
55-60,2021-01-29,0.0,0.0
55-60,2021-01-30,0.0,0.0
55-60,2021-01-31,0.0,0.0
55-60,2021-02-01,0.0,0.0
55-60,2021-02-02,0.0,0.0
55-60,2021-02-03,0.0,1.0
55-60,2021-02-04,0.0,0.0
55-60,2021-02-05,0.0,0.0
55-60,2021-02-06,0.0,0.0
55-60,2021-02-07,1.0,0.0
55-60,2021-02-08,0.0,0.0
55-60,2021-02-09,0.0,0.0
55-60,2021-02-10,0.0,0.0
55-60,2021-02-11,1.0,0.0
55-60,2021-02-12,0.0,0.0
55-60,2021-02-13,0.0,0.0
55-60,2021-02-14,0.0,0.0
55-60,2021-02-15,0.0,0.0
55-60,2021-02-16,0.0,0.0
55-60,2021-02-17,0.0,0.0
55-60,2021-02-18,0.0,0.0
55-60,2021-02-19,0.0,0.0
55-60,2021-02-20,1.0,0.0
55-60,2021-02-21,0.0,0.0
55-60,2021-02-22,1.0,0.0
55-60,2021-02-23,0.0,0.0
55-60,2021-02-24,0.0,0.0
55-60,2021-02-25,0.0,0.0
55-60,2021-02-26,0.0,0.0
55-60,2021-02-27,0.0,0.0
55-60,2021-02-28,0.0,0.0
55-60,2021-03-01,0.0,0.0
55-60,2021-03-02,0.0,0.0
55-60,2021-03-03,1.0,0.0
55-60,2021-03-04,0.0,0.0
55-60,2021-03-05,0.0,0.0
55-60,2021-03-06,0.0,0.0
55-60,2021-03-07,0.0,0.0
55-60,2021-03-08,0.0,0.0
55-60,2021-03-09,2.0,0.0
55-60,2021-03-10,0.0,0.0
55-60,2021-03-11,1.0,0.0
55-60,2021-03-12,0.0,0.0
55-60,2021-03-13,0.0,0.0
55-60,2021-03-14,1.0,0.0
55-60,2021-03-15,0.0,0.0
55-60,2021-03-16,2.0,0.0
55-60,2021-03-17,1.0,0.0
55-60,2021-03-18,1.0,1.0
55-60,2021-03-19,1.0,0.0
55-60,2021-03-20,1.0,0.0
55-60,2021-03-21,0.0,0.0
55-60,2021-03-22,1.0,0.0
55-60,2021-03-23,1.0,1.0
55-60,2021-03-24,1.0,0.0
55-60,2021-03-25,1.0,1.0
55-60,2021-03-26,1.0,0.0
55-60,2021-03-27,0.0,0.0
55-60,2021-03-28,1.0,0.0
55-60,2021-03-29,2.0,0.0
55-60,2021-03-30,3.0,0.0
55-60,2021-03-31,7.0,0.0
55-60,2021-04-01,7.0,0.0
55-60,2021-04-02,25.0,0.0
55-60,2021-04-03,26.0,0.0
55-60,2021-04-04,64.0,0.0
55-60,2021-04-05,86.0,1.0
55-60,2021-04-06,76.0,1.0
55-60,2021-04-07,37.0,0.0
55-60,2021-04-08,50.0,0.0
55-60,2021-04-09,134.0,0.0
55-60,2021-04-10,169.0,1.0
55-60,2021-04-11,158.0,2.0
55-60,2021-04-12,249.0,1.0
55-60,2021-04-13,232.0,1.0
55-60,2021-04-14,256.0,0.0
55-60,2021-04-15,218.0,1.0
55-60,2021-04-16,195.0,4.0
55-60,2021-04-17,199.0,1.0
55-60,2021-04-18,167.0,1.0
55-60,2021-04-19,322.0,2.0
55-60,2021-04-20,264.0,0.0
55-60,2021-04-21,255.0,2.0
55-60,2021-04-22,226.0,4.0
55-60,2021-04-23,106.0,6.0
55-60,2021-04-24,173.0,3.0
55-60,2021-04-25,228.0,6.0
55-60,2021-04-26,261.0,5.0
55-60,2021-04-27,220.0,4.0
55-60,2021-04-28,139.0,4.0
55-60,2021-04-29,86.0,4.0
55-60,2021-04-30,66.0,5.0
55-60,2021-05-01,11.0,3.0
55-60,2021-05-02,5.0,5.0
55-60,2021-05-03,8.0,2.0
55-60,2021-05-04,8.0,4.0
55-60,2021-05-05,7.0,4.0
55-60,2021-05-06,12.0,1.0
55-60,2021-05-07,18.0,4.0
55-60,2021-05-08,16.0,3.0
55-60,2021-05-09,8.0,7.0
55-60,2021-05-10,21.0,6.0
55-60,2021-05-11,21.0,5.0
55-60,2021-05-12,15.0,1.0
55-60,2021-05-13,27.0,8.0
55-60,2021-05-14,35.0,1.0
55-60,2021-05-15,72.0,3.0
55-60,2021-05-16,50.0,3.0
55-60,2021-05-17,94.0,0.0
55-60,2021-05-18,190.0,3.0
55-60,2021-05-19,189.0,4.0
55-60,2021-05-20,0.0,0.0
60-65,2021-01-01,0.0,0.0
60-65,2021-01-02,21.0,0.0
60-65,2021-01-03,9.0,1.0
60-65,2021-01-04,66.0,0.0
60-65,2021-01-05,74.0,2.0
60-65,2021-01-06,33.0,3.0
60-65,2021-01-07,14.0,1.0
60-65,2021-01-08,78.0,3.0
60-65,2021-01-09,30.0,2.0
60-65,2021-01-10,14.0,3.0
60-65,2021-01-11,12.0,1.0
60-65,2021-01-12,5.0,0.0
60-65,2021-01-13,1.0,1.0
60-65,2021-01-14,0.0,1.0
60-65,2021-01-15,1.0,0.0
60-65,2021-01-16,0.0,0.0
60-65,2021-01-17,0.0,1.0
60-65,2021-01-18,2.0,1.0
60-65,2021-01-19,0.0,0.0
60-65,2021-01-20,1.0,0.0
60-65,2021-01-21,0.0,2.0
60-65,2021-01-22,1.0,1.0
60-65,2021-01-23,0.0,1.0
60-65,2021-01-24,0.0,0.0
60-65,2021-01-25,0.0,1.0
60-65,2021-01-26,0.0,1.0
60-65,2021-01-27,1.0,1.0
60-65,2021-01-28,0.0,0.0
60-65,2021-01-29,0.0,3.0
60-65,2021-01-30,0.0,1.0
60-65,2021-01-31,1.0,0.0
60-65,2021-02-01,0.0,1.0
60-65,2021-02-02,0.0,1.0
60-65,2021-02-03,0.0,1.0
60-65,2021-02-04,0.0,1.0
60-65,2021-02-05,0.0,1.0
60-65,2021-02-06,0.0,0.0
60-65,2021-02-07,0.0,1.0
60-65,2021-02-08,0.0,0.0
60-65,2021-02-09,0.0,0.0
60-65,2021-02-10,1.0,0.0
60-65,2021-02-11,0.0,0.0
60-65,2021-02-12,0.0,0.0
60-65,2021-02-13,0.0,0.0
60-65,2021-02-14,0.0,0.0
60-65,2021-02-15,0.0,0.0
60-65,2021-02-16,1.0,0.0
60-65,2021-02-17,0.0,0.0
60-65,2021-02-18,0.0,0.0
60-65,2021-02-19,0.0,0.0
60-65,2021-02-20,1.0,0.0
60-65,2021-02-21,0.0,0.0
60-65,2021-02-22,1.0,0.0
60-65,2021-02-23,0.0,0.0
60-65,2021-02-24,0.0,1.0
60-65,2021-02-25,0.0,0.0
60-65,2021-02-26,0.0,0.0
60-65,2021-02-27,0.0,0.0
60-65,2021-02-28,0.0,0.0
60-65,2021-03-01,0.0,0.0
60-65,2021-03-02,0.0,0.0
60-65,2021-03-03,0.0,0.0
60-65,2021-03-04,0.0,0.0
60-65,2021-03-05,1.0,0.0
60-65,2021-03-06,0.0,0.0
60-65,2021-03-07,0.0,0.0
60-65,2021-03-08,0.0,0.0
60-65,2021-03-09,1.0,0.0
60-65,2021-03-10,0.0,0.0
60-65,2021-03-11,0.0,0.0
60-65,2021-03-12,0.0,0.0
60-65,2021-03-13,0.0,0.0
60-65,2021-03-14,0.0,0.0
60-65,2021-03-15,1.0,0.0
60-65,2021-03-16,0.0,0.0
60-65,2021-03-17,1.0,0.0
60-65,2021-03-18,0.0,0.0
60-65,2021-03-19,1.0,0.0
60-65,2021-03-20,2.0,0.0
60-65,2021-03-21,1.0,0.0
60-65,2021-03-22,0.0,0.0
60-65,2021-03-23,0.0,0.0
60-65,2021-03-24,0.0,0.0
60-65,2021-03-25,4.0,1.0
60-65,2021-03-26,4.0,0.0
60-65,2021-03-27,0.0,1.0
60-65,2021-03-28,0.0,0.0
60-65,2021-03-29,4.0,0.0
60-65,2021-03-30,2.0,0.0
60-65,2021-03-31,11.0,0.0
60-65,2021-04-01,9.0,0.0
60-65,2021-04-02,15.0,1.0
60-65,2021-04-03,22.0,0.0
60-65,2021-04-04,65.0,0.0
60-65,2021-04-05,67.0,0.0
60-65,2021-04-06,59.0,0.0
60-65,2021-04-07,36.0,0.0
60-65,2021-04-08,33.0,0.0
60-65,2021-04-09,90.0,1.0
60-65,2021-04-10,124.0,1.0
60-65,2021-04-11,148.0,1.0
60-65,2021-04-12,178.0,0.0
60-65,2021-04-13,191.0,0.0
60-65,2021-04-14,187.0,5.0
60-65,2021-04-15,175.0,1.0
60-65,2021-04-16,153.0,2.0
60-65,2021-04-17,159.0,6.0
60-65,2021-04-18,140.0,2.0
60-65,2021-04-19,283.0,1.0
60-65,2021-04-20,212.0,0.0
60-65,2021-04-21,209.0,7.0
60-65,2021-04-22,157.0,5.0
60-65,2021-04-23,90.0,3.0
60-65,2021-04-24,126.0,6.0
60-65,2021-04-25,158.0,5.0
60-65,2021-04-26,206.0,7.0
60-65,2021-04-27,167.0,5.0
60-65,2021-04-28,118.0,6.0
60-65,2021-04-29,81.0,5.0
60-65,2021-04-30,52.0,1.0
60-65,2021-05-01,12.0,4.0
60-65,2021-05-02,2.0,7.0
60-65,2021-05-03,6.0,8.0
60-65,2021-05-04,6.0,4.0
60-65,2021-05-05,2.0,8.0
60-65,2021-05-06,7.0,5.0
60-65,2021-05-07,6.0,5.0
60-65,2021-05-08,8.0,4.0
60-65,2021-05-09,5.0,2.0
60-65,2021-05-10,15.0,8.0
60-65,2021-05-11,24.0,4.0
60-65,2021-05-12,8.0,3.0
60-65,2021-05-13,11.0,5.0
60-65,2021-05-14,24.0,8.0
60-65,2021-05-15,42.0,4.0
60-65,2021-05-16,29.0,3.0
60-65,2021-05-17,69.0,7.0
60-65,2021-05-18,102.0,4.0
60-65,2021-05-19,120.0,5.0
60-65,2021-05-20,0.0,0.0
65-70,2021-01-01,0.0,0.0
65-70,2021-01-02,25.0,2.0
65-70,2021-01-03,11.0,0.0
65-70,2021-01-04,42.0,1.0
65-70,2021-01-05,66.0,3.0
65-70,2021-01-06,16.0,3.0
65-70,2021-01-07,12.0,2.0
65-70,2021-01-08,66.0,2.0
65-70,2021-01-09,18.0,0.0
65-70,2021-01-10,10.0,1.0
65-70,2021-01-11,3.0,2.0
65-70,2021-01-12,2.0,1.0
65-70,2021-01-13,1.0,1.0
65-70,2021-01-14,1.0,0.0
65-70,2021-01-15,0.0,2.0
65-70,2021-01-16,1.0,1.0
65-70,2021-01-17,0.0,1.0
65-70,2021-01-18,3.0,2.0
65-70,2021-01-19,0.0,1.0
65-70,2021-01-20,0.0,1.0
65-70,2021-01-21,0.0,1.0
65-70,2021-01-22,0.0,2.0
65-70,2021-01-23,0.0,1.0
65-70,2021-01-24,0.0,0.0
65-70,2021-01-25,1.0,3.0
65-70,2021-01-26,0.0,1.0
65-70,2021-01-27,0.0,1.0
65-70,2021-01-28,0.0,0.0
65-70,2021-01-29,0.0,1.0
65-70,2021-01-30,0.0,1.0
65-70,2021-01-31,0.0,0.0
65-70,2021-02-01,0.0,2.0
65-70,2021-02-02,1.0,2.0
65-70,2021-02-03,0.0,0.0
65-70,2021-02-04,0.0,0.0
65-70,2021-02-05,0.0,0.0
65-70,2021-02-06,0.0,0.0
65-70,2021-02-07,0.0,0.0
65-70,2021-02-08,0.0,0.0
65-70,2021-02-09,1.0,2.0
65-70,2021-02-10,0.0,0.0
65-70,2021-02-11,0.0,1.0
65-70,2021-02-12,0.0,0.0
65-70,2021-02-13,0.0,0.0
65-70,2021-02-14,0.0,0.0
65-70,2021-02-15,0.0,0.0
65-70,2021-02-16,0.0,0.0
65-70,2021-02-17,0.0,0.0
65-70,2021-02-18,0.0,1.0
65-70,2021-02-19,1.0,0.0
65-70,2021-02-20,1.0,0.0
65-70,2021-02-21,0.0,1.0
65-70,2021-02-22,0.0,0.0
65-70,2021-02-23,0.0,1.0
65-70,2021-02-24,0.0,0.0
65-70,2021-02-25,0.0,0.0
65-70,2021-02-26,0.0,0.0
65-70,2021-02-27,0.0,0.0
65-70,2021-02-28,0.0,0.0
65-70,2021-03-01,0.0,0.0
65-70,2021-03-02,0.0,0.0
65-70,2021-03-03,0.0,0.0
65-70,2021-03-04,1.0,0.0
65-70,2021-03-05,0.0,0.0
65-70,2021-03-06,0.0,0.0
65-70,2021-03-07,1.0,0.0
65-70,2021-03-08,0.0,0.0
65-70,2021-03-09,0.0,0.0
65-70,2021-03-10,0.0,0.0
65-70,2021-03-11,0.0,0.0
65-70,2021-03-12,0.0,0.0
65-70,2021-03-13,0.0,0.0
65-70,2021-03-14,0.0,0.0
65-70,2021-03-15,0.0,0.0
65-70,2021-03-16,0.0,0.0
65-70,2021-03-17,0.0,0.0
65-70,2021-03-18,0.0,1.0
65-70,2021-03-19,0.0,0.0
65-70,2021-03-20,0.0,0.0
65-70,2021-03-21,0.0,0.0
65-70,2021-03-22,0.0,0.0
65-70,2021-03-23,0.0,1.0
65-70,2021-03-24,1.0,0.0
65-70,2021-03-25,0.0,0.0
65-70,2021-03-26,3.0,0.0
65-70,2021-03-27,0.0,0.0
65-70,2021-03-28,0.0,0.0
65-70,2021-03-29,2.0,0.0
65-70,2021-03-30,2.0,0.0
65-70,2021-03-31,8.0,0.0
65-70,2021-04-01,4.0,0.0
65-70,2021-04-02,6.0,0.0
65-70,2021-04-03,11.0,0.0
65-70,2021-04-04,48.0,1.0
65-70,2021-04-05,41.0,0.0
65-70,2021-04-06,39.0,0.0
65-70,2021-04-07,22.0,0.0
65-70,2021-04-08,27.0,1.0
65-70,2021-04-09,49.0,0.0
65-70,2021-04-10,94.0,3.0
65-70,2021-04-11,88.0,1.0
65-70,2021-04-12,135.0,0.0
65-70,2021-04-13,130.0,0.0
65-70,2021-04-14,133.0,2.0
65-70,2021-04-15,115.0,1.0
65-70,2021-04-16,125.0,4.0
65-70,2021-04-17,111.0,4.0
65-70,2021-04-18,106.0,3.0
65-70,2021-04-19,153.0,3.0
65-70,2021-04-20,142.0,6.0
65-70,2021-04-21,126.0,6.0
65-70,2021-04-22,106.0,4.0
65-70,2021-04-23,49.0,4.0
65-70,2021-04-24,73.0,6.0
65-70,2021-04-25,107.0,4.0
65-70,2021-04-26,140.0,6.0
65-70,2021-04-27,132.0,7.0
65-70,2021-04-28,69.0,8.0
65-70,2021-04-29,52.0,6.0
65-70,2021-04-30,41.0,4.0
65-70,2021-05-01,3.0,8.0
65-70,2021-05-02,3.0,8.0
65-70,2021-05-03,2.0,10.0
65-70,2021-05-04,3.0,6.0
65-70,2021-05-05,1.0,6.0
65-70,2021-05-06,4.0,8.0
65-70,2021-05-07,3.0,6.0
65-70,2021-05-08,3.0,7.0
65-70,2021-05-09,3.0,6.0
65-70,2021-05-10,10.0,8.0
65-70,2021-05-11,7.0,5.0
65-70,2021-05-12,4.0,7.0
65-70,2021-05-13,4.0,6.0
65-70,2021-05-14,19.0,7.0
65-70,2021-05-15,27.0,7.0
65-70,2021-05-16,24.0,3.0
65-70,2021-05-17,31.0,7.0
65-70,2021-05-18,47.0,2.0
65-70,2021-05-19,55.0,8.0
65-70,2021-05-20,0.0,0.0
70-75,2021-01-01,0.0,0.0
70-75,2021-01-02,15.0,2.0
70-75,2021-01-03,6.0,2.0
70-75,2021-01-04,24.0,2.0
70-75,2021-01-05,39.0,1.0
70-75,2021-01-06,5.0,1.0
70-75,2021-01-07,6.0,0.0
70-75,2021-01-08,40.0,3.0
70-75,2021-01-09,25.0,0.0
70-75,2021-01-10,8.0,2.0
70-75,2021-01-11,6.0,1.0
70-75,2021-01-12,1.0,1.0
70-75,2021-01-13,0.0,3.0
70-75,2021-01-14,0.0,2.0
70-75,2021-01-15,0.0,4.0
70-75,2021-01-16,0.0,0.0
70-75,2021-01-17,1.0,2.0
70-75,2021-01-18,0.0,1.0
70-75,2021-01-19,0.0,2.0
70-75,2021-01-20,0.0,4.0
70-75,2021-01-21,1.0,2.0
70-75,2021-01-22,0.0,3.0
70-75,2021-01-23,0.0,2.0
70-75,2021-01-24,0.0,1.0
70-75,2021-01-25,1.0,3.0
70-75,2021-01-26,1.0,0.0
70-75,2021-01-27,1.0,0.0
70-75,2021-01-28,0.0,0.0
70-75,2021-01-29,0.0,0.0
70-75,2021-01-30,0.0,0.0
70-75,2021-01-31,0.0,0.0
70-75,2021-02-01,0.0,0.0
70-75,2021-02-02,0.0,0.0
70-75,2021-02-03,0.0,0.0
70-75,2021-02-04,0.0,1.0
70-75,2021-02-05,1.0,0.0
70-75,2021-02-06,0.0,0.0
70-75,2021-02-07,0.0,0.0
70-75,2021-02-08,0.0,2.0
70-75,2021-02-09,0.0,0.0
70-75,2021-02-10,0.0,1.0
70-75,2021-02-11,0.0,0.0
70-75,2021-02-12,0.0,0.0
70-75,2021-02-13,0.0,0.0
70-75,2021-02-14,0.0,1.0
70-75,2021-02-15,0.0,1.0
70-75,2021-02-16,0.0,0.0
70-75,2021-02-17,0.0,3.0
70-75,2021-02-18,0.0,0.0
70-75,2021-02-19,0.0,0.0
70-75,2021-02-20,0.0,0.0
70-75,2021-02-21,0.0,0.0
70-75,2021-02-22,0.0,0.0
70-75,2021-02-23,0.0,0.0
70-75,2021-02-24,0.0,0.0
70-75,2021-02-25,0.0,1.0
70-75,2021-02-26,0.0,0.0
70-75,2021-02-27,0.0,0.0
70-75,2021-02-28,0.0,0.0
70-75,2021-03-01,0.0,0.0
70-75,2021-03-02,0.0,0.0
70-75,2021-03-03,0.0,0.0
70-75,2021-03-04,0.0,0.0
70-75,2021-03-05,0.0,0.0
70-75,2021-03-06,1.0,1.0
70-75,2021-03-07,0.0,0.0
70-75,2021-03-08,0.0,0.0
70-75,2021-03-09,0.0,0.0
70-75,2021-03-10,0.0,0.0
70-75,2021-03-11,0.0,0.0
70-75,2021-03-12,0.0,0.0
70-75,2021-03-13,0.0,0.0
70-75,2021-03-14,0.0,0.0
70-75,2021-03-15,0.0,0.0
70-75,2021-03-16,0.0,1.0
70-75,2021-03-17,0.0,0.0
70-75,2021-03-18,0.0,0.0
70-75,2021-03-19,0.0,0.0
70-75,2021-03-20,0.0,0.0
70-75,2021-03-21,0.0,0.0
70-75,2021-03-22,0.0,0.0
70-75,2021-03-23,1.0,0.0
70-75,2021-03-24,0.0,0.0
70-75,2021-03-25,0.0,0.0
70-75,2021-03-26,0.0,0.0
70-75,2021-03-27,0.0,0.0
70-75,2021-03-28,1.0,0.0
70-75,2021-03-29,1.0,0.0
70-75,2021-03-30,1.0,0.0
70-75,2021-03-31,2.0,0.0
70-75,2021-04-01,4.0,0.0
70-75,2021-04-02,7.0,0.0
70-75,2021-04-03,10.0,1.0
70-75,2021-04-04,29.0,0.0
70-75,2021-04-05,30.0,0.0
70-75,2021-04-06,34.0,0.0
70-75,2021-04-07,17.0,1.0
70-75,2021-04-08,14.0,1.0
70-75,2021-04-09,47.0,0.0
70-75,2021-04-10,58.0,1.0
70-75,2021-04-11,60.0,0.0
70-75,2021-04-12,94.0,2.0
70-75,2021-04-13,76.0,4.0
70-75,2021-04-14,74.0,2.0
70-75,2021-04-15,68.0,3.0
70-75,2021-04-16,90.0,7.0
70-75,2021-04-17,56.0,3.0
70-75,2021-04-18,65.0,5.0
70-75,2021-04-19,95.0,1.0
70-75,2021-04-20,96.0,5.0
70-75,2021-04-21,83.0,7.0
70-75,2021-04-22,70.0,8.0
70-75,2021-04-23,32.0,3.0
70-75,2021-04-24,42.0,11.0
70-75,2021-04-25,67.0,5.0
70-75,2021-04-26,89.0,7.0
70-75,2021-04-27,76.0,6.0
70-75,2021-04-28,55.0,10.0
70-75,2021-04-29,32.0,7.0
70-75,2021-04-30,18.0,9.0
70-75,2021-05-01,3.0,8.0
70-75,2021-05-02,3.0,6.0
70-75,2021-05-03,0.0,3.0
70-75,2021-05-04,1.0,6.0
70-75,2021-05-05,1.0,8.0
70-75,2021-05-06,2.0,5.0
70-75,2021-05-07,4.0,7.0
70-75,2021-05-08,2.0,5.0
70-75,2021-05-09,0.0,4.0
70-75,2021-05-10,5.0,9.0
70-75,2021-05-11,9.0,2.0
70-75,2021-05-12,2.0,1.0
70-75,2021-05-13,2.0,4.0
70-75,2021-05-14,8.0,5.0
70-75,2021-05-15,16.0,2.0
70-75,2021-05-16,18.0,2.0
70-75,2021-05-17,22.0,3.0
70-75,2021-05-18,39.0,5.0
70-75,2021-05-19,43.0,5.0
70-75,2021-05-20,0.0,0.0
75+,2021-01-01,0.0,0.0
75+,2021-01-02,14.0,5.0
75+,2021-01-03,16.0,2.0
75+,2021-01-04,22.0,3.0
75+,2021-01-05,64.0,7.0
75+,2021-01-06,24.0,7.0
75+,2021-01-07,14.0,6.0
75+,2021-01-08,36.0,8.0
75+,2021-01-09,27.0,6.0
75+,2021-01-10,9.0,7.0
75+,2021-01-11,4.0,8.0
75+,2021-01-12,4.0,4.0
75+,2021-01-13,0.0,11.0
75+,2021-01-14,1.0,5.0
75+,2021-01-15,1.0,4.0
75+,2021-01-16,0.0,6.0
75+,2021-01-17,0.0,4.0
75+,2021-01-18,2.0,5.0
75+,2021-01-19,0.0,8.0
75+,2021-01-20,0.0,2.0
75+,2021-01-21,1.0,3.0
75+,2021-01-22,1.0,1.0
75+,2021-01-23,2.0,4.0
75+,2021-01-24,2.0,6.0
75+,2021-01-25,0.0,1.0
75+,2021-01-26,0.0,2.0
75+,2021-01-27,0.0,1.0
75+,2021-01-28,1.0,3.0
75+,2021-01-29,0.0,1.0
75+,2021-01-30,0.0,0.0
75+,2021-01-31,1.0,2.0
75+,2021-02-01,1.0,0.0
75+,2021-02-02,0.0,0.0
75+,2021-02-03,0.0,3.0
75+,2021-02-04,0.0,0.0
75+,2021-02-05,0.0,0.0
75+,2021-02-06,0.0,1.0
75+,2021-02-07,0.0,0.0
75+,2021-02-08,0.0,1.0
75+,2021-02-09,1.0,0.0
75+,2021-02-10,0.0,0.0
75+,2021-02-11,0.0,0.0
75+,2021-02-12,0.0,0.0
75+,2021-02-13,0.0,0.0
75+,2021-02-14,0.0,0.0
75+,2021-02-15,0.0,1.0
75+,2021-02-16,0.0,0.0
75+,2021-02-17,0.0,0.0
75+,2021-02-18,0.0,0.0
75+,2021-02-19,0.0,0.0
75+,2021-02-20,0.0,0.0
75+,2021-02-21,1.0,2.0
75+,2021-02-22,0.0,3.0
75+,2021-02-23,1.0,0.0
75+,2021-02-24,0.0,0.0
75+,2021-02-25,1.0,0.0
75+,2021-02-26,0.0,1.0
75+,2021-02-27,0.0,0.0
75+,2021-02-28,0.0,0.0
75+,2021-03-01,0.0,1.0
75+,2021-03-02,0.0,1.0
75+,2021-03-03,0.0,0.0
75+,2021-03-04,0.0,0.0
75+,2021-03-05,0.0,1.0
75+,2021-03-06,0.0,1.0
75+,2021-03-07,0.0,1.0
75+,2021-03-08,0.0,0.0
75+,2021-03-09,0.0,0.0
75+,2021-03-10,1.0,1.0
75+,2021-03-11,0.0,0.0
75+,2021-03-12,0.0,0.0
75+,2021-03-13,0.0,0.0
75+,2021-03-14,0.0,0.0
75+,2021-03-15,0.0,0.0
75+,2021-03-16,0.0,0.0
75+,2021-03-17,0.0,1.0
75+,2021-03-18,0.0,0.0
75+,2021-03-19,0.0,1.0
75+,2021-03-20,0.0,1.0
75+,2021-03-21,0.0,0.0
75+,2021-03-22,0.0,0.0
75+,2021-03-23,0.0,0.0
75+,2021-03-24,0.0,0.0
75+,2021-03-25,1.0,1.0
75+,2021-03-26,2.0,0.0
75+,2021-03-27,1.0,0.0
75+,2021-03-28,0.0,0.0
75+,2021-03-29,1.0,0.0
75+,2021-03-30,2.0,0.0
75+,2021-03-31,5.0,1.0
75+,2021-04-01,5.0,1.0
75+,2021-04-02,2.0,0.0
75+,2021-04-03,13.0,1.0
75+,2021-04-04,30.0,2.0
75+,2021-04-05,39.0,0.0
75+,2021-04-06,31.0,0.0
75+,2021-04-07,10.0,2.0
75+,2021-04-08,22.0,1.0
75+,2021-04-09,42.0,3.0
75+,2021-04-10,68.0,3.0
75+,2021-04-11,84.0,6.0
75+,2021-04-12,109.0,6.0
75+,2021-04-13,79.0,11.0
75+,2021-04-14,101.0,8.0
75+,2021-04-15,98.0,9.0
75+,2021-04-16,120.0,6.0
75+,2021-04-17,46.0,8.0
75+,2021-04-18,64.0,15.0
75+,2021-04-19,131.0,13.0
75+,2021-04-20,109.0,9.0
75+,2021-04-21,109.0,23.0
75+,2021-04-22,84.0,11.0
75+,2021-04-23,65.0,12.0
75+,2021-04-24,42.0,15.0
75+,2021-04-25,64.0,8.0
75+,2021-04-26,113.0,19.0
75+,2021-04-27,90.0,9.0
75+,2021-04-28,59.0,19.0
75+,2021-04-29,43.0,9.0
75+,2021-04-30,41.0,12.0
75+,2021-05-01,2.0,10.0
75+,2021-05-02,2.0,23.0
75+,2021-05-03,1.0,12.0
75+,2021-05-04,1.0,11.0
75+,2021-05-05,1.0,11.0
75+,2021-05-06,2.0,14.0
75+,2021-05-07,3.0,14.0
75+,2021-05-08,3.0,15.0
75+,2021-05-09,4.0,8.0
75+,2021-05-10,5.0,11.0
75+,2021-05-11,1.0,8.0
75+,2021-05-12,1.0,10.0
75+,2021-05-13,3.0,9.0
75+,2021-05-14,6.0,3.0
75+,2021-05-15,19.0,8.0
75+,2021-05-16,20.0,6.0
75+,2021-05-17,31.0,2.0
75+,2021-05-18,44.0,6.0
75+,2021-05-19,50.0,7.0
75+,2021-05-20,0.0,0.0
